2026-05-12 11:09:56,585 [INFO] NCLAT: fetching for 12.05.2025
2026-05-12 11:09:59,322 [INFO] NCLAT: 0 PDF(s) found
2026-05-12 11:10:15,325 [INFO] NCLAT: fetching for 12.05.2026
2026-05-12 11:10:16,632 [INFO]   ✓ NCLAT: Cause List for 12.05.2026 - Registrar Court
2026-05-12 11:10:16,633 [INFO]   ✓ NCLAT: Supplementary Cause List for 12.05.2026 - Court-IV
2026-05-12 11:10:16,634 [INFO]   ✓ NCLAT: Supplementary Cause List for 12.05.2026 - Court-III
2026-05-12 11:10:16,635 [INFO]   ✓ NCLAT: Supplementary Cause List for 12.05.2026 - Court-II
2026-05-12 11:10:16,636 [INFO]   ✓ NCLAT: Supplementary Cause List for 12.05.2026 - Court of Chairperson
2026-05-12 11:10:16,637 [INFO]   ✓ NCLAT: Cause List for 12.05.2026-Chennai Bench
2026-05-12 11:10:16,638 [INFO]   ✓ NCLAT: Cause List for 12.05.2026 - Court-IV
2026-05-12 11:10:16,638 [INFO]   ✓ NCLAT: Cause List for 12.05.2026 - Court-III
2026-05-12 11:10:16,639 [INFO]   ✓ NCLAT: Cause List for 12.05.2026 - Court-II
2026-05-12 11:10:16,639 [INFO]   ✓ NCLAT: Cause List for 12.05.2026 - Court of Chairperson
2026-05-12 11:10:16,640 [INFO] NCLAT: 10 PDF(s) found
2026-05-12 11:10:16,640 [INFO] SCI: fetching for 12-05-2026
2026-05-12 11:10:17,977 [INFO]   ✓ SCI: SCI Misc Supplementary
2026-05-12 11:10:17,977 [INFO]   ✓ SCI: SCI Misc Main
2026-05-12 11:10:17,977 [INFO] SCI: 2 PDF(s) found
2026-05-12 11:10:17,978 [INFO] Scanning: Cause List for 12.05.2026 - Registrar Court
2026-05-12 11:10:18,374 [INFO]   Canonical table width: 4 cols, 6 raw rows
2026-05-12 11:10:18,375 [INFO]   5 logical rows after merge
2026-05-12 11:10:18,375 [INFO]   5 table rows
2026-05-12 11:10:18,390 [INFO] Scanning: Supplementary Cause List for 12.05.2026 - Court-IV
2026-05-12 11:10:19,363 [INFO]   Canonical table width: 1 cols, 36 raw rows
2026-05-12 11:10:19,364 [INFO]   8 logical rows after merge
2026-05-12 11:10:19,365 [INFO]   8 table rows
2026-05-12 11:10:19,372 [INFO] Scanning: Supplementary Cause List for 12.05.2026 - Court-III
2026-05-12 11:10:20,187 [INFO]   Canonical table width: 6 cols, 10 raw rows
2026-05-12 11:10:20,187 [INFO]   3 logical rows after merge
2026-05-12 11:10:20,187 [INFO]   3 table rows
2026-05-12 11:10:20,188 [INFO] Scanning: Supplementary Cause List for 12.05.2026 - Court-II
2026-05-12 11:10:20,933 [INFO]   Canonical table width: 1 cols, 9 raw rows
2026-05-12 11:10:20,934 [INFO]   2 logical rows after merge
2026-05-12 11:10:20,934 [INFO]   2 table rows
2026-05-12 11:10:20,936 [INFO] Scanning: Supplementary Cause List for 12.05.2026 - Court of Chairperson
2026-05-12 11:10:22,406 [INFO]   Canonical table width: 7 cols, 56 raw rows
2026-05-12 11:10:22,407 [INFO]   9 logical rows after merge
2026-05-12 11:10:22,407 [INFO]   9 table rows
2026-05-12 11:10:22,420 [INFO] Scanning: Cause List for 12.05.2026-Chennai Bench
2026-05-12 11:10:23,366 [INFO]   Canonical table width: 5 cols, 7 raw rows
2026-05-12 11:10:23,367 [INFO]   6 logical rows after merge
2026-05-12 11:10:23,367 [INFO]   6 table rows
2026-05-12 11:10:23,370 [INFO] Scanning: Cause List for 12.05.2026 - Court-IV
2026-05-12 11:10:25,651 [INFO]   Canonical table width: 1 cols, 217 raw rows
2026-05-12 11:10:25,652 [INFO]   58 logical rows after merge
2026-05-12 11:10:25,652 [INFO]   58 table rows
2026-05-12 11:10:25,700 [INFO] Scanning: Cause List for 12.05.2026 - Court-III
2026-05-12 11:10:27,896 [INFO]   Canonical table width: 1 cols, 139 raw rows
2026-05-12 11:10:27,898 [INFO]   40 logical rows after merge
2026-05-12 11:10:27,898 [INFO]   40 table rows
2026-05-12 11:10:27,925 [INFO] Scanning: Cause List for 12.05.2026 - Court-II
2026-05-12 11:10:30,792 [INFO]   Canonical table width: 1 cols, 160 raw rows
2026-05-12 11:10:30,794 [INFO]   59 logical rows after merge
2026-05-12 11:10:30,794 [INFO]   59 table rows
2026-05-12 11:10:30,840 [INFO] Scanning: Cause List for 12.05.2026 - Court of Chairperson
2026-05-12 11:10:35,178 [INFO]   Canonical table width: 1 cols, 426 raw rows
2026-05-12 11:10:35,184 [INFO]   116 logical rows after merge
2026-05-12 11:10:35,184 [INFO]   116 table rows
2026-05-12 11:10:35,269 [INFO] Scanning: SCI Misc Supplementary — 12-05-2026
2026-05-12 11:10:47,775 [INFO]   2083 text lines
2026-05-12 11:10:47,973 [INFO] Scanning: SCI Misc Main — 12-05-2026
2026-05-12 11:11:32,838 [INFO]   21285 text lines
2026-05-12 11:11:33,323 [INFO]   MATCH [SCI] BHARAT MEHTA — 1 block(s)
2026-05-12 11:11:34,341 [INFO]   MATCH [SCI] POOJA RAMESH SINGH — 1 block(s)
2026-05-12 11:11:34,391 [INFO]   MATCH [SCI] JAMMU AND KASHMIR BANK — 1 block(s)
2026-05-12 11:11:36,216 [INFO] ✓ Email sent to tejashree@apmh.in
2026-05-12 11:12:02,001 [INFO] ============================================================
2026-05-12 11:12:02,001 [INFO] NCLT Automation starting
2026-05-12 11:12:02,001 [INFO] Search date: 12/05/2026
2026-05-12 11:12:02,001 [INFO] Clients: ['MRS. ANITA RAHEJA', 'MR. SHIV RAHEJA', 'MR. DEEPAK RAHEJA', 'MR. ADITYA RAHEJA', 'MUMBAI WTR PRIVATE LIMITED', 'ALKA RAJESH MIMANI', 'DEEPAK VIJAY BAGRA', 'BHARAT MEHTA', 'LOK HOUSING & CONSTRUCTIONS LTD', 'CALYX LENORA REALTY LLP', 'ESSEL INFRAPROJECTS LIMITED', 'ATUL S BHARANI', 'KASHYAP MEHTA', 'MR. ATUL TANSUKHLAL MEHTA', 'MR. HEMANT JITENDRARAI MEHTA', 'OKI INDIA PRIVATE LIMITED', 'SHROFF TEXTILES LIMITED', 'KAMLESH CORPORATION', 'CHANEL INDIA BUSINESS SOLUTIONS P LTD']
2026-05-12 11:12:02,002 [INFO] ============================================================
2026-05-12 11:12:04,925 [INFO] Opening NCLT cause list page (attempt 1)…
2026-05-12 11:12:14,625 [INFO] Selecting 12/05/2026 in #edit-field-cause-date-value
2026-05-12 11:12:15,897 [INFO] Calendar header: 'May 2026'
2026-05-12 11:12:16,207 [INFO] Clicked day 12
2026-05-12 11:12:16,727 [INFO] Selecting 12/05/2026 in #edit-field-cause-date-value-1
2026-05-12 11:12:17,810 [INFO] Calendar header: 'May 2026'
2026-05-12 11:12:18,039 [INFO] Clicked day 12
2026-05-12 11:12:18,559 [INFO] Solving CAPTCHA …
2026-05-12 11:12:19,587 [INFO] CAPTCHA solved: 10 + 4 = 14
2026-05-12 11:12:19,665 [INFO] CAPTCHA answer: 14
2026-05-12 11:12:20,174 [INFO] Clicking Search …
2026-05-12 11:12:22,296 [INFO] Clicked search via #edit-submit-all-couse-list
2026-05-12 11:12:28,752 [INFO] Results URL: https://nclt.gov.in/all-couse-list?field_nclt_benches_list_target_id=All&field_cause_date_value=05%2F12%2F2026&field_cause_date_value_1=05%2F12%2F2026&captcha_sid=27399631&captcha_token=mQXHMp2UVPCKFXGukCGQyazT959JiVRGFUmOjAU17z0&captcha_response=14
2026-05-12 11:12:28,790 [INFO] Cities we need PDFs for: {'bengaluru', 'bangalore', 'bombay', 'mumbai'}
2026-05-12 11:12:28,790 [INFO] Scraping results page 1 …
2026-05-12 11:12:28,834 [INFO]   Result rows on this page: 21
2026-05-12 11:12:28,990 [INFO]     PDF: Cause List 12.05.2026 COURT 5-MUMBAI BENCH-Special Bench(Pronouncement).pdf | Mumbai Bench Court-V | 12/05/2026
2026-05-12 11:12:29,107 [INFO]     PDF: Cause List Court- VI (12.05.2026) (Revised).pdf | New Delhi Bench Court-VI | 12/05/2026
2026-05-12 11:12:29,226 [INFO]     PDF: 12.05.2026 CAUSE LIST C- II SPECIAL BENCH-ADDITIONAL.pdf | Mumbai Bench Court-II | 12/05/2026
2026-05-12 11:12:29,344 [INFO]     PDF: 12.05.2026 Cause List.pdf | New Delhi Bench Court-II | 12/05/2026
2026-05-12 11:12:29,473 [INFO]     PDF: 12-05-2026 Court-1.pdf | Ahmedabad Bench Court-I | 12/05/2026
2026-05-12 11:12:29,589 [INFO]     PDF: Cause List PB 12.05.2026.pdf | Principal Bench Court-I | 12/05/2026
2026-05-12 11:12:29,726 [INFO]     PDF: Order dated 11.05.2026 regarding Constitution of Special Bench at NCLT Ahmedabad Bench-Court no. I .pdf | Ahmedabad Bench Court-I | 12/05/2026
2026-05-12 11:12:29,873 [INFO]     PDF: C-IV Final Cause list 12.05.2026.pdf | New Delhi Bench Court-IV | 12/05/2026
2026-05-12 11:12:29,993 [INFO]     PDF: Cause list court-II 12.05.2026.pdf | Hyderabad Bench Court-II | 12/05/2026
2026-05-12 11:12:30,110 [INFO]     PDF: Bench-II Cause List dated 12.05.2026.pdf | Kolkata Bench Court II | 12/05/2026
2026-05-12 11:12:30,244 [INFO]     PDF: 12.05.2026 Cause List Court 1 NCLT Hyd.pdf | Hyderabad Bench Court-I | 12/05/2026
2026-05-12 11:12:30,362 [INFO]     PDF: Cause List Allahabad Bench 12.05.2026.pdf | Allahabad Bench Court-I | 12/05/2026
2026-05-12 11:12:30,475 [INFO]     PDF: 12-05-2026 Final IND Cause List.pdf | Indore Bench Court-I | 12/05/2026
2026-05-12 11:12:30,588 [INFO]     PDF: Cause list_12-05-2026.pdf | Jaipur Bench Court-I | 12/05/2026
2026-05-12 11:12:30,709 [INFO]     PDF: 12.05.2026 CAUSE LIST C- II SPECIAL BENCH.pdf | Mumbai Bench Court-II | 12/05/2026
2026-05-12 11:12:30,824 [INFO]     PDF: 12.05.2026 CAUSE LIST-IV LIST-IV.pdf | Mumbai Bench Court-IV | 12/05/2026
2026-05-12 11:12:30,940 [INFO]     PDF: Amaravati Special Bench Cause list - 12.05.2026.pdf | Amaravati Bench Court-I | 12/05/2026
2026-05-12 11:12:31,053 [INFO]     PDF: Amaravati Bench Cause list - 12.05.2026.pdf | Amaravati Bench Court-I | 12/05/2026
2026-05-12 11:12:31,169 [INFO]     PDF: court VI cause list 12.05.2026.pdf | Mumbai Bench Court-VI | 12/05/2026
2026-05-12 11:12:31,280 [INFO]     PDF: 12-05-2026 Court-2.pdf | Ahmedabad Bench Court-II | 12/05/2026
2026-05-12 11:12:31,296 [INFO] Navigating to results page 2 …
2026-05-12 11:12:38,621 [INFO]   Result rows on this page: 12
2026-05-12 11:12:38,739 [INFO]     PDF: B-I_Cause List Dated 12.05.2026.pdf | Kolkata Bench Court-I | 12/05/2026
2026-05-12 11:12:38,877 [INFO]     PDF: Cause List 12.05.2026 COURT 5-MUMBAI BENCH.pdf | Mumbai Bench Court-V | 12/05/2026
2026-05-12 11:12:38,973 [INFO]     PDF: C-III Cause list 12.05.2026.pdf | New Delhi Bench Court-III | 12/05/2026
2026-05-12 11:12:39,063 [INFO]     PDF: NCLT COURT - III MUMBAI BENCH CAUSE LIST ON 12.05.2026 Special Bench.pdf | Mumbai Bench Court-III | 12/05/2026
2026-05-12 11:12:39,144 [INFO]     PDF: 12.05.2026 Mumbai Bench Court -1.pdf | Mumbai Bench Court-I | 12/05/2026
2026-05-12 11:12:39,263 [INFO]     PDF: Causelist 12.05.2026.pdf | Guwahati Bench Court-I | 12/05/2026
2026-05-12 11:12:39,347 [INFO]     PDF: Cause-List Court-V 12.05.2026_0.pdf | New Delhi Bench Court-V | 12/05/2026
2026-05-12 11:12:39,432 [INFO]     PDF: 12.05.2026 Court 2_000489.pdf | Chandigarh Bench Court-II | 12/05/2026
2026-05-12 11:12:39,521 [INFO]     PDF: Daily_Cause_List Dated 12.05.2026.pdf | Cuttack Bench Court-I | 12/05/2026
2026-05-12 11:12:39,606 [INFO]     PDF: 12.05.2026 Court-1_20260511_0001.pdf | Chandigarh Bench Court-I | 12/05/2026
2026-05-12 11:12:39,691 [INFO]     PDF: RULE 28 NOTICE - 11.05.2026_0.pdf | Kochi Bench Court-I | 12/05/2026
2026-05-12 11:12:39,736 [INFO] No more pagination pages found after page 2.
2026-05-12 11:12:39,736 [INFO] Total PDFs found across 2 result page(s): 31
2026-05-12 11:12:39,736 [INFO] 
Processing: Cause List 12.05.2026 COURT 5-MUMBAI BENCH-Special Bench(Pronouncement).pdf (Mumbai Bench Court-V)
2026-05-12 11:12:39,736 [INFO]   Checking 5 client(s): ['ESSEL INFRAPROJECTS LIMITED', 'ATUL S BHARANI', 'KASHYAP MEHTA', 'MR. ATUL TANSUKHLAL MEHTA', 'MR. HEMANT JITENDRARAI MEHTA']
2026-05-12 11:12:41,963 [INFO]   Fetched 603 KB
2026-05-12 11:12:42,482 [INFO]   Page size: 842×595  Words:275  H-lines:0  V-lines:0
2026-05-12 11:12:42,483 [INFO]   Match words for 'ESSEL INFRAPROJECTS LIMITED': ['ESSEL', 'INFRAPROJECTS', 'LIMITED']
2026-05-12 11:12:42,483 [INFO]   Match words for 'ATUL S BHARANI': ['ATUL', 'BHARANI']
2026-05-12 11:12:42,483 [INFO]   Match words for 'KASHYAP MEHTA': ['KASHYAP', 'MEHTA']
2026-05-12 11:12:42,483 [INFO]   Match words for 'MR. ATUL TANSUKHLAL MEHTA': ['ATUL', 'TANSUKHLAL', 'MEHTA']
2026-05-12 11:12:42,483 [INFO]   Match words for 'MR. HEMANT JITENDRARAI MEHTA': ['HEMANT', 'JITENDRARAI', 'MEHTA']
2026-05-12 11:12:42,495 [INFO] PDF has 3 page(s) — trying table extraction
2026-05-12 11:12:43,112 [INFO]   Page 1: 1 table(s) found
2026-05-12 11:12:43,472 [INFO]   Page 2: 1 table(s) found
2026-05-12 11:12:43,915 [INFO]   Page 3: 1 table(s) found
2026-05-12 11:12:43,915 [WARNING] Table extraction found nothing — trying word/X-position method
2026-05-12 11:12:45,400 [WARNING] Word method found nothing — falling back to plain-text line scan
2026-05-12 11:12:46,661 [INFO] Level 3 found 0 match(es)
2026-05-12 11:12:46,661 [INFO]   NOT FOUND in Cause List 12.05.2026 COURT 5-MUMBAI BENCH-Special Bench(Pronouncement).pdf: ['ESSEL INFRAPROJECTS LIMITED', 'ATUL S BHARANI', 'KASHYAP MEHTA', 'MR. ATUL TANSUKHLAL MEHTA', 'MR. HEMANT JITENDRARAI MEHTA']
2026-05-12 11:12:46,661 [INFO]   No matches in: Cause List 12.05.2026 COURT 5-MUMBAI BENCH-Special Bench(Pronouncement).pdf
2026-05-12 11:12:46,661 [INFO] 
Processing: Cause List Court- VI (12.05.2026) (Revised).pdf (New Delhi Bench Court-VI)
2026-05-12 11:12:46,662 [INFO]   No clients mapped to 'New Delhi Bench Court-VI' — skipping
2026-05-12 11:12:46,662 [INFO] 
Processing: 12.05.2026 CAUSE LIST C- II SPECIAL BENCH-ADDITIONAL.pdf (Mumbai Bench Court-II)
2026-05-12 11:12:46,662 [INFO]   Checking 3 client(s): ['ALKA RAJESH MIMANI', 'DEEPAK VIJAY BAGRA', 'BHARAT MEHTA']
2026-05-12 11:12:47,480 [INFO]   Fetched 607 KB
2026-05-12 11:12:48,030 [INFO]   Page size: 792×612  Words:272  H-lines:0  V-lines:0
2026-05-12 11:12:48,031 [INFO]   Match words for 'ALKA RAJESH MIMANI': ['ALKA', 'RAJESH', 'MIMANI']
2026-05-12 11:12:48,031 [INFO]   Match words for 'DEEPAK VIJAY BAGRA': ['DEEPAK', 'VIJAY', 'BAGRA']
2026-05-12 11:12:48,031 [INFO]   Match words for 'BHARAT MEHTA': ['BHARAT', 'MEHTA']
2026-05-12 11:12:48,038 [INFO] PDF has 2 page(s) — trying table extraction
2026-05-12 11:12:48,412 [INFO]   Page 1: 1 table(s) found
2026-05-12 11:12:48,615 [INFO]   Page 2: 1 table(s) found
2026-05-12 11:12:48,616 [WARNING] Table extraction found nothing — trying word/X-position method
2026-05-12 11:12:49,260 [WARNING] Word method found nothing — falling back to plain-text line scan
2026-05-12 11:12:49,841 [INFO] Level 3 found 0 match(es)
2026-05-12 11:12:49,841 [INFO]   NOT FOUND in 12.05.2026 CAUSE LIST C- II SPECIAL BENCH-ADDITIONAL.pdf: ['ALKA RAJESH MIMANI', 'DEEPAK VIJAY BAGRA', 'BHARAT MEHTA']
2026-05-12 11:12:49,842 [INFO]   No matches in: 12.05.2026 CAUSE LIST C- II SPECIAL BENCH-ADDITIONAL.pdf
2026-05-12 11:12:49,842 [INFO] 
Processing: 12.05.2026 Cause List.pdf (New Delhi Bench Court-II)
2026-05-12 11:12:49,842 [INFO]   No clients mapped to 'New Delhi Bench Court-II' — skipping
2026-05-12 11:12:49,842 [INFO] 
Processing: 12-05-2026 Court-1.pdf (Ahmedabad Bench Court-I)
2026-05-12 11:12:49,842 [INFO]   No clients mapped to 'Ahmedabad Bench Court-I' — skipping
2026-05-12 11:12:49,842 [INFO] 
Processing: Cause List PB 12.05.2026.pdf (Principal Bench Court-I)
2026-05-12 11:12:49,842 [INFO]   Checking 6 client(s): ['MRS. ANITA RAHEJA', 'MR. SHIV RAHEJA', 'MR. DEEPAK RAHEJA', 'MR. ADITYA RAHEJA', 'MUMBAI WTR PRIVATE LIMITED', 'CHANEL INDIA BUSINESS SOLUTIONS P LTD']
2026-05-12 11:12:50,250 [INFO]   Fetched 386 KB
2026-05-12 11:12:50,423 [INFO]   Page size: 792×612  Words:227  H-lines:0  V-lines:0
2026-05-12 11:12:50,424 [INFO]   Match words for 'MRS. ANITA RAHEJA': ['ANITA', 'RAHEJA']
2026-05-12 11:12:50,424 [INFO]   Match words for 'MR. SHIV RAHEJA': ['SHIV', 'RAHEJA']
2026-05-12 11:12:50,424 [INFO]   Match words for 'MR. DEEPAK RAHEJA': ['DEEPAK', 'RAHEJA']
2026-05-12 11:12:50,424 [INFO]   Match words for 'MR. ADITYA RAHEJA': ['ADITYA', 'RAHEJA']
2026-05-12 11:12:50,424 [INFO]   Match words for 'MUMBAI WTR PRIVATE LIMITED': ['MUMBAI', 'WTR', 'PRIVATE', 'LIMITED']
2026-05-12 11:12:50,424 [INFO]   Match words for 'CHANEL INDIA BUSINESS SOLUTIONS P LTD': ['CHANEL', 'INDIA', 'BUSINESS', 'SOLUTIONS', 'LTD']
2026-05-12 11:12:50,436 [INFO] PDF has 11 page(s) — trying table extraction
2026-05-12 11:12:50,592 [INFO]   Page 1: 2 table(s) found
2026-05-12 11:12:50,857 [INFO]   Page 2: 1 table(s) found
2026-05-12 11:12:51,098 [INFO]   Page 3: 1 table(s) found
2026-05-12 11:12:51,405 [INFO]   Page 4: 1 table(s) found
2026-05-12 11:12:51,672 [INFO]   Page 5: 1 table(s) found
2026-05-12 11:12:51,944 [INFO]   Page 6: 1 table(s) found
2026-05-12 11:12:52,201 [INFO]   Page 7: 1 table(s) found
2026-05-12 11:12:52,474 [INFO]   Page 8: 1 table(s) found
2026-05-12 11:12:52,752 [INFO]   Page 9: 1 table(s) found
2026-05-12 11:12:53,149 [INFO]   Page 10: 1 table(s) found
2026-05-12 11:12:53,218 [INFO]   Page 11: 1 table(s) found
2026-05-12 11:12:53,219 [WARNING] Table extraction found nothing — trying word/X-position method
2026-05-12 11:12:56,079 [WARNING] Word method found nothing — falling back to plain-text line scan
2026-05-12 11:12:58,745 [INFO] Level 3 found 0 match(es)
2026-05-12 11:12:58,745 [INFO]   NOT FOUND in Cause List PB 12.05.2026.pdf: ['MRS. ANITA RAHEJA', 'MR. SHIV RAHEJA', 'MR. DEEPAK RAHEJA', 'MR. ADITYA RAHEJA', 'MUMBAI WTR PRIVATE LIMITED', 'CHANEL INDIA BUSINESS SOLUTIONS P LTD']
2026-05-12 11:12:58,745 [INFO]   No matches in: Cause List PB 12.05.2026.pdf
2026-05-12 11:12:58,745 [INFO] 
Processing: Order dated 11.05.2026 regarding Constitution of Special Bench at NCLT Ahmedabad Bench-Court no. I .pdf (Ahmedabad Bench Court-I)
2026-05-12 11:12:58,746 [INFO]   No clients mapped to 'Ahmedabad Bench Court-I' — skipping
2026-05-12 11:12:58,746 [INFO] 
Processing: C-IV Final Cause list 12.05.2026.pdf (New Delhi Bench Court-IV)
2026-05-12 11:12:58,746 [INFO]   No clients mapped to 'New Delhi Bench Court-IV' — skipping
2026-05-12 11:12:58,746 [INFO] 
Processing: Cause list court-II 12.05.2026.pdf (Hyderabad Bench Court-II)
2026-05-12 11:12:58,746 [INFO]   No clients mapped to 'Hyderabad Bench Court-II' — skipping
2026-05-12 11:12:58,746 [INFO] 
Processing: Bench-II Cause List dated 12.05.2026.pdf (Kolkata Bench Court II)
2026-05-12 11:12:58,747 [INFO]   No clients mapped to 'Kolkata Bench Court II' — skipping
2026-05-12 11:12:58,747 [INFO] 
Processing: 12.05.2026 Cause List Court 1 NCLT Hyd.pdf (Hyderabad Bench Court-I)
2026-05-12 11:12:58,747 [INFO]   No clients mapped to 'Hyderabad Bench Court-I' — skipping
2026-05-12 11:12:58,747 [INFO] 
Processing: Cause List Allahabad Bench 12.05.2026.pdf (Allahabad Bench Court-I)
2026-05-12 11:12:58,747 [INFO]   No clients mapped to 'Allahabad Bench Court-I' — skipping
2026-05-12 11:12:58,747 [INFO] 
Processing: 12-05-2026 Final IND Cause List.pdf (Indore Bench Court-I)
2026-05-12 11:12:58,747 [INFO]   Checking 6 client(s): ['MRS. ANITA RAHEJA', 'MR. SHIV RAHEJA', 'MR. DEEPAK RAHEJA', 'MR. ADITYA RAHEJA', 'MUMBAI WTR PRIVATE LIMITED', 'CHANEL INDIA BUSINESS SOLUTIONS P LTD']
2026-05-12 11:12:59,191 [INFO]   Fetched 114 KB
2026-05-12 11:12:59,312 [INFO]   Page size: 792×612  Words:226  H-lines:0  V-lines:0
2026-05-12 11:12:59,313 [INFO]   Match words for 'MRS. ANITA RAHEJA': ['ANITA', 'RAHEJA']
2026-05-12 11:12:59,313 [INFO]   Match words for 'MR. SHIV RAHEJA': ['SHIV', 'RAHEJA']
2026-05-12 11:12:59,313 [INFO]   Match words for 'MR. DEEPAK RAHEJA': ['DEEPAK', 'RAHEJA']
2026-05-12 11:12:59,313 [INFO]   Match words for 'MR. ADITYA RAHEJA': ['ADITYA', 'RAHEJA']
2026-05-12 11:12:59,313 [INFO]   Match words for 'MUMBAI WTR PRIVATE LIMITED': ['MUMBAI', 'WTR', 'PRIVATE', 'LIMITED']
2026-05-12 11:12:59,313 [INFO]   Match words for 'CHANEL INDIA BUSINESS SOLUTIONS P LTD': ['CHANEL', 'INDIA', 'BUSINESS', 'SOLUTIONS', 'LTD']
2026-05-12 11:12:59,319 [INFO] PDF has 7 page(s) — trying table extraction
2026-05-12 11:12:59,434 [INFO]   Page 1: 1 table(s) found
2026-05-12 11:12:59,815 [INFO]   Page 2: 1 table(s) found
2026-05-12 11:13:00,097 [INFO]   Page 3: 1 table(s) found
2026-05-12 11:13:00,398 [INFO]   Page 4: 1 table(s) found
2026-05-12 11:13:00,694 [INFO]   Page 5: 1 table(s) found
2026-05-12 11:13:01,077 [INFO]   Page 6: 1 table(s) found
2026-05-12 11:13:01,268 [INFO]   Page 7: 1 table(s) found
2026-05-12 11:13:01,268 [WARNING] Table extraction found nothing — trying word/X-position method
2026-05-12 11:13:03,480 [WARNING] Word method found nothing — falling back to plain-text line scan
2026-05-12 11:13:05,176 [INFO] Level 3 found 0 match(es)
2026-05-12 11:13:05,176 [INFO]   NOT FOUND in 12-05-2026 Final IND Cause List.pdf: ['MRS. ANITA RAHEJA', 'MR. SHIV RAHEJA', 'MR. DEEPAK RAHEJA', 'MR. ADITYA RAHEJA', 'MUMBAI WTR PRIVATE LIMITED', 'CHANEL INDIA BUSINESS SOLUTIONS P LTD']
2026-05-12 11:13:05,176 [INFO]   No matches in: 12-05-2026 Final IND Cause List.pdf
2026-05-12 11:13:05,176 [INFO] 
Processing: Cause list_12-05-2026.pdf (Jaipur Bench Court-I)
2026-05-12 11:13:05,176 [INFO]   Checking 6 client(s): ['MRS. ANITA RAHEJA', 'MR. SHIV RAHEJA', 'MR. DEEPAK RAHEJA', 'MR. ADITYA RAHEJA', 'MUMBAI WTR PRIVATE LIMITED', 'CHANEL INDIA BUSINESS SOLUTIONS P LTD']
2026-05-12 11:13:06,528 [INFO]   Fetched 591 KB
2026-05-12 11:13:06,670 [INFO]   Page size: 1008×612  Words:225  H-lines:0  V-lines:0
2026-05-12 11:13:06,671 [INFO]   Match words for 'MRS. ANITA RAHEJA': ['ANITA', 'RAHEJA']
2026-05-12 11:13:06,671 [INFO]   Match words for 'MR. SHIV RAHEJA': ['SHIV', 'RAHEJA']
2026-05-12 11:13:06,672 [INFO]   Match words for 'MR. DEEPAK RAHEJA': ['DEEPAK', 'RAHEJA']
2026-05-12 11:13:06,672 [INFO]   Match words for 'MR. ADITYA RAHEJA': ['ADITYA', 'RAHEJA']
2026-05-12 11:13:06,672 [INFO]   Match words for 'MUMBAI WTR PRIVATE LIMITED': ['MUMBAI', 'WTR', 'PRIVATE', 'LIMITED']
2026-05-12 11:13:06,672 [INFO]   Match words for 'CHANEL INDIA BUSINESS SOLUTIONS P LTD': ['CHANEL', 'INDIA', 'BUSINESS', 'SOLUTIONS', 'LTD']
2026-05-12 11:13:06,698 [INFO] PDF has 7 page(s) — trying table extraction
2026-05-12 11:13:06,945 [INFO]   Page 1: 1 table(s) found
2026-05-12 11:13:07,170 [INFO]   Page 2: 1 table(s) found
2026-05-12 11:13:07,390 [INFO]   Page 3: 1 table(s) found
2026-05-12 11:13:07,626 [INFO]   Page 4: 1 table(s) found
2026-05-12 11:13:07,903 [INFO]   Page 5: 1 table(s) found
2026-05-12 11:13:08,198 [INFO]   Page 6: 1 table(s) found
2026-05-12 11:13:08,424 [INFO]   Page 7: 1 table(s) found
2026-05-12 11:13:08,425 [WARNING] Table extraction found nothing — trying word/X-position method
2026-05-12 11:13:10,131 [WARNING] Word method found nothing — falling back to plain-text line scan
2026-05-12 11:13:11,676 [INFO] Level 3 found 0 match(es)
2026-05-12 11:13:11,676 [INFO]   NOT FOUND in Cause list_12-05-2026.pdf: ['MRS. ANITA RAHEJA', 'MR. SHIV RAHEJA', 'MR. DEEPAK RAHEJA', 'MR. ADITYA RAHEJA', 'MUMBAI WTR PRIVATE LIMITED', 'CHANEL INDIA BUSINESS SOLUTIONS P LTD']
2026-05-12 11:13:11,676 [INFO]   No matches in: Cause list_12-05-2026.pdf
2026-05-12 11:13:11,676 [INFO] 
Processing: 12.05.2026 CAUSE LIST C- II SPECIAL BENCH.pdf (Mumbai Bench Court-II)
2026-05-12 11:13:11,676 [INFO]   Checking 3 client(s): ['ALKA RAJESH MIMANI', 'DEEPAK VIJAY BAGRA', 'BHARAT MEHTA']
2026-05-12 11:13:12,386 [INFO]   Fetched 254 KB
2026-05-12 11:13:12,695 [INFO]   Page size: 792×612  Words:272  H-lines:0  V-lines:0
2026-05-12 11:13:12,697 [INFO]   Match words for 'ALKA RAJESH MIMANI': ['ALKA', 'RAJESH', 'MIMANI']
2026-05-12 11:13:12,697 [INFO]   Match words for 'DEEPAK VIJAY BAGRA': ['DEEPAK', 'VIJAY', 'BAGRA']
2026-05-12 11:13:12,697 [INFO]   Match words for 'BHARAT MEHTA': ['BHARAT', 'MEHTA']
2026-05-12 11:13:12,723 [INFO] PDF has 11 page(s) — trying table extraction
2026-05-12 11:13:13,024 [INFO]   Page 1: 1 table(s) found
2026-05-12 11:13:13,440 [INFO]   Page 2: 1 table(s) found
2026-05-12 11:13:13,612 [INFO]   Page 3: 1 table(s) found
2026-05-12 11:13:13,837 [INFO]   Page 4: 1 table(s) found
2026-05-12 11:13:14,033 [INFO]   Page 5: 1 table(s) found
2026-05-12 11:13:14,249 [INFO]   Page 6: 1 table(s) found
2026-05-12 11:13:14,456 [INFO]   Page 7: 1 table(s) found
2026-05-12 11:13:14,665 [INFO]   Page 8: 1 table(s) found
2026-05-12 11:13:14,801 [INFO]   Page 9: 1 table(s) found
2026-05-12 11:13:14,973 [INFO]   Page 10: 1 table(s) found
2026-05-12 11:13:15,071 [INFO]   Page 11: 1 table(s) found
2026-05-12 11:13:15,072 [WARNING] Table extraction found nothing — trying word/X-position method
2026-05-12 11:13:17,427 [WARNING] Word method found nothing — falling back to plain-text line scan
2026-05-12 11:13:19,668 [INFO] Level 3 found 0 match(es)
2026-05-12 11:13:19,668 [INFO]   NOT FOUND in 12.05.2026 CAUSE LIST C- II SPECIAL BENCH.pdf: ['ALKA RAJESH MIMANI', 'DEEPAK VIJAY BAGRA', 'BHARAT MEHTA']
2026-05-12 11:13:19,668 [INFO]   No matches in: 12.05.2026 CAUSE LIST C- II SPECIAL BENCH.pdf
2026-05-12 11:13:19,668 [INFO] 
Processing: 12.05.2026 CAUSE LIST-IV LIST-IV.pdf (Mumbai Bench Court-IV)
2026-05-12 11:13:19,668 [INFO]   Checking 1 client(s): ['CALYX LENORA REALTY LLP']
2026-05-12 11:13:20,715 [INFO]   Fetched 428 KB
2026-05-12 11:13:20,964 [INFO]   Page size: 843×597  Words:222  H-lines:0  V-lines:0
2026-05-12 11:13:20,965 [INFO]   Match words for 'CALYX LENORA REALTY LLP': ['CALYX', 'LENORA', 'REALTY', 'LLP']
2026-05-12 11:13:20,992 [INFO] PDF has 13 page(s) — trying table extraction
2026-05-12 11:13:21,230 [INFO]   Page 1: 1 table(s) found
2026-05-12 11:13:21,677 [INFO]   Page 2: 1 table(s) found
2026-05-12 11:13:22,091 [INFO]   Page 3: 1 table(s) found
2026-05-12 11:13:22,647 [INFO]   Page 4: 1 table(s) found
2026-05-12 11:13:23,080 [INFO]   Page 5: 1 table(s) found
2026-05-12 11:13:23,432 [INFO]   Page 6: 1 table(s) found
2026-05-12 11:13:23,848 [INFO]   Page 7: 1 table(s) found
2026-05-12 11:13:24,052 [INFO]   Page 8: 1 table(s) found
2026-05-12 11:13:24,418 [INFO]   Page 9: 1 table(s) found
2026-05-12 11:13:24,821 [INFO]   Page 10: 1 table(s) found
2026-05-12 11:13:25,227 [INFO]   Page 11: 1 table(s) found
2026-05-12 11:13:25,554 [INFO]   Page 12: 1 table(s) found
2026-05-12 11:13:25,743 [INFO]   Page 13: 2 table(s) found
2026-05-12 11:13:25,744 [WARNING] Table extraction found nothing — trying word/X-position method
2026-05-12 11:13:30,976 [WARNING] Word method found nothing — falling back to plain-text line scan
2026-05-12 11:13:35,898 [INFO] Level 3 found 0 match(es)
2026-05-12 11:13:35,898 [INFO]   NOT FOUND in 12.05.2026 CAUSE LIST-IV LIST-IV.pdf: ['CALYX LENORA REALTY LLP']
2026-05-12 11:13:35,898 [INFO]   No matches in: 12.05.2026 CAUSE LIST-IV LIST-IV.pdf
2026-05-12 11:13:35,898 [INFO] 
Processing: Amaravati Special Bench Cause list - 12.05.2026.pdf (Amaravati Bench Court-I)
2026-05-12 11:13:35,899 [INFO]   Checking 6 client(s): ['MRS. ANITA RAHEJA', 'MR. SHIV RAHEJA', 'MR. DEEPAK RAHEJA', 'MR. ADITYA RAHEJA', 'MUMBAI WTR PRIVATE LIMITED', 'CHANEL INDIA BUSINESS SOLUTIONS P LTD']
2026-05-12 11:13:37,486 [INFO]   Fetched 874 KB
2026-05-12 11:13:37,846 [INFO]   Page size: 595×842  Words:412  H-lines:0  V-lines:0
2026-05-12 11:13:37,846 [INFO]   Match words for 'MRS. ANITA RAHEJA': ['ANITA', 'RAHEJA']
2026-05-12 11:13:37,847 [INFO]   Match words for 'MR. SHIV RAHEJA': ['SHIV', 'RAHEJA']
2026-05-12 11:13:37,847 [INFO]   Match words for 'MR. DEEPAK RAHEJA': ['DEEPAK', 'RAHEJA']
2026-05-12 11:13:37,847 [INFO]   Match words for 'MR. ADITYA RAHEJA': ['ADITYA', 'RAHEJA']
2026-05-12 11:13:37,847 [INFO]   Match words for 'MUMBAI WTR PRIVATE LIMITED': ['MUMBAI', 'WTR', 'PRIVATE', 'LIMITED']
2026-05-12 11:13:37,847 [INFO]   Match words for 'CHANEL INDIA BUSINESS SOLUTIONS P LTD': ['CHANEL', 'INDIA', 'BUSINESS', 'SOLUTIONS', 'LTD']
2026-05-12 11:13:37,851 [INFO] PDF has 4 page(s) — trying table extraction
2026-05-12 11:13:38,386 [INFO]   Page 1: 1 table(s) found
2026-05-12 11:13:38,700 [INFO]   Page 2: 1 table(s) found
2026-05-12 11:13:38,829 [INFO]   Page 3: 2 table(s) found
2026-05-12 11:13:38,957 [INFO]   Page 4: 1 table(s) found
2026-05-12 11:13:38,958 [WARNING] Table extraction found nothing — trying word/X-position method
2026-05-12 11:13:39,980 [WARNING] Word method found nothing — falling back to plain-text line scan
2026-05-12 11:13:40,877 [INFO] Level 3 found 0 match(es)
2026-05-12 11:13:40,878 [INFO]   NOT FOUND in Amaravati Special Bench Cause list - 12.05.2026.pdf: ['MRS. ANITA RAHEJA', 'MR. SHIV RAHEJA', 'MR. DEEPAK RAHEJA', 'MR. ADITYA RAHEJA', 'MUMBAI WTR PRIVATE LIMITED', 'CHANEL INDIA BUSINESS SOLUTIONS P LTD']
2026-05-12 11:13:40,878 [INFO]   No matches in: Amaravati Special Bench Cause list - 12.05.2026.pdf
2026-05-12 11:13:40,878 [INFO] 
Processing: Amaravati Bench Cause list - 12.05.2026.pdf (Amaravati Bench Court-I)
2026-05-12 11:13:40,878 [INFO]   Checking 6 client(s): ['MRS. ANITA RAHEJA', 'MR. SHIV RAHEJA', 'MR. DEEPAK RAHEJA', 'MR. ADITYA RAHEJA', 'MUMBAI WTR PRIVATE LIMITED', 'CHANEL INDIA BUSINESS SOLUTIONS P LTD']
2026-05-12 11:13:42,053 [INFO]   Fetched 886 KB
2026-05-12 11:13:42,428 [INFO]   Page size: 595×842  Words:412  H-lines:0  V-lines:0
2026-05-12 11:13:42,428 [INFO]   Match words for 'MRS. ANITA RAHEJA': ['ANITA', 'RAHEJA']
2026-05-12 11:13:42,428 [INFO]   Match words for 'MR. SHIV RAHEJA': ['SHIV', 'RAHEJA']
2026-05-12 11:13:42,428 [INFO]   Match words for 'MR. DEEPAK RAHEJA': ['DEEPAK', 'RAHEJA']
2026-05-12 11:13:42,428 [INFO]   Match words for 'MR. ADITYA RAHEJA': ['ADITYA', 'RAHEJA']
2026-05-12 11:13:42,429 [INFO]   Match words for 'MUMBAI WTR PRIVATE LIMITED': ['MUMBAI', 'WTR', 'PRIVATE', 'LIMITED']
2026-05-12 11:13:42,429 [INFO]   Match words for 'CHANEL INDIA BUSINESS SOLUTIONS P LTD': ['CHANEL', 'INDIA', 'BUSINESS', 'SOLUTIONS', 'LTD']
2026-05-12 11:13:42,437 [INFO] PDF has 4 page(s) — trying table extraction
2026-05-12 11:13:42,843 [INFO]   Page 1: 1 table(s) found
2026-05-12 11:13:43,276 [INFO]   Page 2: 1 table(s) found
2026-05-12 11:13:43,406 [INFO]   Page 3: 2 table(s) found
2026-05-12 11:13:43,716 [INFO]   Page 4: 1 table(s) found
2026-05-12 11:13:43,719 [WARNING] Table extraction found nothing — trying word/X-position method
2026-05-12 11:13:44,960 [WARNING] Word method found nothing — falling back to plain-text line scan
2026-05-12 11:13:45,968 [INFO] Level 3 found 0 match(es)
2026-05-12 11:13:45,968 [INFO]   NOT FOUND in Amaravati Bench Cause list - 12.05.2026.pdf: ['MRS. ANITA RAHEJA', 'MR. SHIV RAHEJA', 'MR. DEEPAK RAHEJA', 'MR. ADITYA RAHEJA', 'MUMBAI WTR PRIVATE LIMITED', 'CHANEL INDIA BUSINESS SOLUTIONS P LTD']
2026-05-12 11:13:45,968 [INFO]   No matches in: Amaravati Bench Cause list - 12.05.2026.pdf
2026-05-12 11:13:45,968 [INFO] 
Processing: court VI cause list 12.05.2026.pdf (Mumbai Bench Court-VI)
2026-05-12 11:13:45,969 [INFO]   Checking 3 client(s): ['OKI INDIA PRIVATE LIMITED', 'SHROFF TEXTILES LIMITED', 'KAMLESH CORPORATION']
2026-05-12 11:13:46,125 [INFO]   Fetched 112 KB
2026-05-12 11:13:46,540 [INFO]   Page size: 842×596  Words:240  H-lines:0  V-lines:0
2026-05-12 11:13:46,540 [INFO]   Match words for 'OKI INDIA PRIVATE LIMITED': ['OKI', 'INDIA', 'PRIVATE', 'LIMITED']
2026-05-12 11:13:46,540 [INFO]   Match words for 'SHROFF TEXTILES LIMITED': ['SHROFF', 'TEXTILES', 'LIMITED']
2026-05-12 11:13:46,541 [INFO]   Match words for 'KAMLESH CORPORATION': ['KAMLESH', 'CORPORATION']
2026-05-12 11:13:46,545 [INFO] PDF has 4 page(s) — trying table extraction
2026-05-12 11:13:46,925 [INFO]   Page 1: 1 table(s) found
2026-05-12 11:13:47,572 [INFO]   Page 2: 1 table(s) found
2026-05-12 11:13:48,117 [INFO]   Page 3: 1 table(s) found
2026-05-12 11:13:48,572 [INFO]   Page 4: 1 table(s) found
2026-05-12 11:13:48,572 [WARNING] Table extraction found nothing — trying word/X-position method
2026-05-12 11:13:50,493 [WARNING] Word method found nothing — falling back to plain-text line scan
2026-05-12 11:13:52,139 [INFO] Level 3 found 0 match(es)
2026-05-12 11:13:52,139 [INFO]   NOT FOUND in court VI cause list 12.05.2026.pdf: ['OKI INDIA PRIVATE LIMITED', 'SHROFF TEXTILES LIMITED', 'KAMLESH CORPORATION']
2026-05-12 11:13:52,139 [INFO]   No matches in: court VI cause list 12.05.2026.pdf
2026-05-12 11:13:52,139 [INFO] 
Processing: 12-05-2026 Court-2.pdf (Ahmedabad Bench Court-II)
2026-05-12 11:13:52,139 [INFO]   No clients mapped to 'Ahmedabad Bench Court-II' — skipping
2026-05-12 11:13:52,139 [INFO] 
Processing: B-I_Cause List Dated 12.05.2026.pdf (Kolkata Bench Court-I)
2026-05-12 11:13:52,139 [INFO]   No clients mapped to 'Kolkata Bench Court-I' — skipping
2026-05-12 11:13:52,140 [INFO] 
Processing: Cause List 12.05.2026 COURT 5-MUMBAI BENCH.pdf (Mumbai Bench Court-V)
2026-05-12 11:13:52,140 [INFO]   Checking 5 client(s): ['ESSEL INFRAPROJECTS LIMITED', 'ATUL S BHARANI', 'KASHYAP MEHTA', 'MR. ATUL TANSUKHLAL MEHTA', 'MR. HEMANT JITENDRARAI MEHTA']
2026-05-12 11:13:53,408 [INFO]   Fetched 641 KB
2026-05-12 11:13:53,993 [INFO]   Page size: 842×595  Words:273  H-lines:0  V-lines:0
2026-05-12 11:13:53,994 [INFO]   Match words for 'ESSEL INFRAPROJECTS LIMITED': ['ESSEL', 'INFRAPROJECTS', 'LIMITED']
2026-05-12 11:13:53,995 [INFO]   Match words for 'ATUL S BHARANI': ['ATUL', 'BHARANI']
2026-05-12 11:13:53,995 [INFO]   Match words for 'KASHYAP MEHTA': ['KASHYAP', 'MEHTA']
2026-05-12 11:13:53,995 [INFO]   Match words for 'MR. ATUL TANSUKHLAL MEHTA': ['ATUL', 'TANSUKHLAL', 'MEHTA']
2026-05-12 11:13:53,995 [INFO]   Match words for 'MR. HEMANT JITENDRARAI MEHTA': ['HEMANT', 'JITENDRARAI', 'MEHTA']
2026-05-12 11:13:54,004 [INFO] PDF has 8 page(s) — trying table extraction
2026-05-12 11:13:54,614 [INFO]   Page 1: 1 table(s) found
2026-05-12 11:13:55,154 [INFO]   Page 2: 1 table(s) found
2026-05-12 11:13:55,618 [INFO]   Page 3: 1 table(s) found
2026-05-12 11:13:55,978 [INFO]   Page 4: 1 table(s) found
2026-05-12 11:13:56,397 [INFO]   Page 5: 1 table(s) found
2026-05-12 11:13:56,397 [INFO]   [TABLE] MATCH 'ESSEL INFRAPROJECTS LIMITED' row 0
2026-05-12 11:13:56,849 [INFO]   Page 6: 1 table(s) found
2026-05-12 11:13:57,404 [INFO]   Page 7: 1 table(s) found
2026-05-12 11:13:57,407 [INFO]   [TABLE] MATCH 'ATUL S BHARANI' row 9
2026-05-12 11:13:57,961 [INFO]   Page 8: 1 table(s) found
2026-05-12 11:13:57,962 [INFO] Level 1 found 2 match(es)
2026-05-12 11:13:57,962 [INFO]   NOT FOUND in Cause List 12.05.2026 COURT 5-MUMBAI BENCH.pdf: ['KASHYAP MEHTA', 'MR. ATUL TANSUKHLAL MEHTA', 'MR. HEMANT JITENDRARAI MEHTA']
2026-05-12 11:13:57,962 [INFO]   *** 2 MATCH(ES) ***
2026-05-12 11:13:57,962 [INFO] 
Processing: C-III Cause list 12.05.2026.pdf (New Delhi Bench Court-III)
2026-05-12 11:13:57,962 [INFO]   No clients mapped to 'New Delhi Bench Court-III' — skipping
2026-05-12 11:13:57,962 [INFO] 
Processing: NCLT COURT - III MUMBAI BENCH CAUSE LIST ON 12.05.2026 Special Bench.pdf (Mumbai Bench Court-III)
2026-05-12 11:13:57,963 [INFO]   Checking 1 client(s): ['LOK HOUSING & CONSTRUCTIONS LTD']
2026-05-12 11:13:58,943 [INFO]   Fetched 719 KB
2026-05-12 11:13:59,262 [INFO]   Page size: 792×612  Words:316  H-lines:0  V-lines:0
2026-05-12 11:13:59,263 [INFO]   Match words for 'LOK HOUSING & CONSTRUCTIONS LTD': ['LOK', 'HOUSING', 'CONSTRUCTIONS', 'LTD']
2026-05-12 11:13:59,278 [INFO] PDF has 7 page(s) — trying table extraction
2026-05-12 11:13:59,561 [INFO]   Page 1: 1 table(s) found
2026-05-12 11:14:00,049 [INFO]   Page 2: 1 table(s) found
2026-05-12 11:14:00,743 [INFO]   Page 3: 1 table(s) found
2026-05-12 11:14:01,348 [INFO]   Page 4: 1 table(s) found
2026-05-12 11:14:01,784 [INFO]   Page 5: 1 table(s) found
2026-05-12 11:14:02,229 [INFO]   Page 6: 1 table(s) found
2026-05-12 11:14:02,429 [INFO]   Page 7: 1 table(s) found
2026-05-12 11:14:02,430 [WARNING] Table extraction found nothing — trying word/X-position method
2026-05-12 11:14:05,641 [WARNING] Word method found nothing — falling back to plain-text line scan
2026-05-12 11:14:09,263 [INFO] Level 3 found 0 match(es)
2026-05-12 11:14:09,263 [INFO]   NOT FOUND in NCLT COURT - III MUMBAI BENCH CAUSE LIST ON 12.05.2026 Special Bench.pdf: ['LOK HOUSING & CONSTRUCTIONS LTD']
2026-05-12 11:14:09,263 [INFO]   No matches in: NCLT COURT - III MUMBAI BENCH CAUSE LIST ON 12.05.2026 Special Bench.pdf
2026-05-12 11:14:09,264 [INFO] 
Processing: 12.05.2026 Mumbai Bench Court -1.pdf (Mumbai Bench Court-I)
2026-05-12 11:14:09,264 [INFO]   Checking 5 client(s): ['MRS. ANITA RAHEJA', 'MR. SHIV RAHEJA', 'MR. DEEPAK RAHEJA', 'MR. ADITYA RAHEJA', 'MUMBAI WTR PRIVATE LIMITED']
2026-05-12 11:14:09,972 [INFO]   Fetched 496 KB
2026-05-12 11:14:10,305 [INFO]   Page size: 842×596  Words:236  H-lines:0  V-lines:0
2026-05-12 11:14:10,306 [INFO]   Match words for 'MRS. ANITA RAHEJA': ['ANITA', 'RAHEJA']
2026-05-12 11:14:10,306 [INFO]   Match words for 'MR. SHIV RAHEJA': ['SHIV', 'RAHEJA']
2026-05-12 11:14:10,306 [INFO]   Match words for 'MR. DEEPAK RAHEJA': ['DEEPAK', 'RAHEJA']
2026-05-12 11:14:10,306 [INFO]   Match words for 'MR. ADITYA RAHEJA': ['ADITYA', 'RAHEJA']
2026-05-12 11:14:10,306 [INFO]   Match words for 'MUMBAI WTR PRIVATE LIMITED': ['MUMBAI', 'WTR', 'PRIVATE', 'LIMITED']
2026-05-12 11:14:10,326 [INFO] PDF has 10 page(s) — trying table extraction
2026-05-12 11:14:10,638 [INFO]   Page 1: 1 table(s) found
2026-05-12 11:14:11,336 [INFO]   Page 2: 1 table(s) found
2026-05-12 11:14:11,820 [INFO]   Page 3: 1 table(s) found
2026-05-12 11:14:11,821 [INFO]   [TABLE] MATCH 'MRS. ANITA RAHEJA' row 0
2026-05-12 11:14:11,821 [INFO]   [TABLE] MATCH 'MRS. ANITA RAHEJA' row 3
2026-05-12 11:14:12,255 [INFO]   Page 4: 1 table(s) found
2026-05-12 11:14:12,604 [INFO]   Page 5: 1 table(s) found
2026-05-12 11:14:13,014 [INFO]   Page 6: 1 table(s) found
2026-05-12 11:14:13,291 [INFO]   Page 7: 1 table(s) found
2026-05-12 11:14:13,606 [INFO]   Page 8: 1 table(s) found
2026-05-12 11:14:14,100 [INFO]   Page 9: 1 table(s) found
2026-05-12 11:14:14,205 [INFO]   Page 10: 0 table(s) found
2026-05-12 11:14:14,206 [INFO] Level 1 found 2 match(es)
2026-05-12 11:14:14,206 [INFO]   NOT FOUND in 12.05.2026 Mumbai Bench Court -1.pdf: ['MR. SHIV RAHEJA', 'MR. DEEPAK RAHEJA', 'MR. ADITYA RAHEJA', 'MUMBAI WTR PRIVATE LIMITED']
2026-05-12 11:14:14,207 [INFO]   *** 2 MATCH(ES) ***
2026-05-12 11:14:14,208 [INFO] 
Processing: Causelist 12.05.2026.pdf (Guwahati Bench Court-I)
2026-05-12 11:14:14,208 [INFO]   Checking 6 client(s): ['MRS. ANITA RAHEJA', 'MR. SHIV RAHEJA', 'MR. DEEPAK RAHEJA', 'MR. ADITYA RAHEJA', 'MUMBAI WTR PRIVATE LIMITED', 'CHANEL INDIA BUSINESS SOLUTIONS P LTD']
2026-05-12 11:14:14,378 [INFO]   Fetched 117 KB
2026-05-12 11:14:14,557 [INFO]   Page size: 842×595  Words:228  H-lines:0  V-lines:0
2026-05-12 11:14:14,557 [INFO]   Match words for 'MRS. ANITA RAHEJA': ['ANITA', 'RAHEJA']
2026-05-12 11:14:14,558 [INFO]   Match words for 'MR. SHIV RAHEJA': ['SHIV', 'RAHEJA']
2026-05-12 11:14:14,558 [INFO]   Match words for 'MR. DEEPAK RAHEJA': ['DEEPAK', 'RAHEJA']
2026-05-12 11:14:14,558 [INFO]   Match words for 'MR. ADITYA RAHEJA': ['ADITYA', 'RAHEJA']
2026-05-12 11:14:14,558 [INFO]   Match words for 'MUMBAI WTR PRIVATE LIMITED': ['MUMBAI', 'WTR', 'PRIVATE', 'LIMITED']
2026-05-12 11:14:14,558 [INFO]   Match words for 'CHANEL INDIA BUSINESS SOLUTIONS P LTD': ['CHANEL', 'INDIA', 'BUSINESS', 'SOLUTIONS', 'LTD']
2026-05-12 11:14:14,570 [INFO] PDF has 4 page(s) — trying table extraction
2026-05-12 11:14:14,742 [INFO]   Page 1: 1 table(s) found
2026-05-12 11:14:15,010 [INFO]   Page 2: 1 table(s) found
2026-05-12 11:14:15,321 [INFO]   Page 3: 2 table(s) found
2026-05-12 11:14:15,550 [INFO]   Page 4: 1 table(s) found
2026-05-12 11:14:15,551 [WARNING] Table extraction found nothing — trying word/X-position method
2026-05-12 11:14:17,053 [WARNING] Word method found nothing — falling back to plain-text line scan
2026-05-12 11:14:17,863 [INFO] Level 3 found 0 match(es)
2026-05-12 11:14:17,863 [INFO]   NOT FOUND in Causelist 12.05.2026.pdf: ['MRS. ANITA RAHEJA', 'MR. SHIV RAHEJA', 'MR. DEEPAK RAHEJA', 'MR. ADITYA RAHEJA', 'MUMBAI WTR PRIVATE LIMITED', 'CHANEL INDIA BUSINESS SOLUTIONS P LTD']
2026-05-12 11:14:17,863 [INFO]   No matches in: Causelist 12.05.2026.pdf
2026-05-12 11:14:17,863 [INFO] 
Processing: Cause-List Court-V 12.05.2026_0.pdf (New Delhi Bench Court-V)
2026-05-12 11:14:17,863 [INFO]   No clients mapped to 'New Delhi Bench Court-V' — skipping
2026-05-12 11:14:17,863 [INFO] 
Processing: 12.05.2026 Court 2_000489.pdf (Chandigarh Bench Court-II)
2026-05-12 11:14:17,863 [INFO]   No clients mapped to 'Chandigarh Bench Court-II' — skipping
2026-05-12 11:14:17,864 [INFO] 
Processing: Daily_Cause_List Dated 12.05.2026.pdf (Cuttack Bench Court-I)
2026-05-12 11:14:17,864 [INFO]   Checking 6 client(s): ['MRS. ANITA RAHEJA', 'MR. SHIV RAHEJA', 'MR. DEEPAK RAHEJA', 'MR. ADITYA RAHEJA', 'MUMBAI WTR PRIVATE LIMITED', 'CHANEL INDIA BUSINESS SOLUTIONS P LTD']
2026-05-12 11:14:22,311 [INFO]   Fetched 5820 KB
2026-05-12 11:14:22,415 [INFO]   Page size: 1008×612  Words:235  H-lines:0  V-lines:0
2026-05-12 11:14:22,416 [INFO]   Match words for 'MRS. ANITA RAHEJA': ['ANITA', 'RAHEJA']
2026-05-12 11:14:22,416 [INFO]   Match words for 'MR. SHIV RAHEJA': ['SHIV', 'RAHEJA']
2026-05-12 11:14:22,416 [INFO]   Match words for 'MR. DEEPAK RAHEJA': ['DEEPAK', 'RAHEJA']
2026-05-12 11:14:22,416 [INFO]   Match words for 'MR. ADITYA RAHEJA': ['ADITYA', 'RAHEJA']
2026-05-12 11:14:22,416 [INFO]   Match words for 'MUMBAI WTR PRIVATE LIMITED': ['MUMBAI', 'WTR', 'PRIVATE', 'LIMITED']
2026-05-12 11:14:22,416 [INFO]   Match words for 'CHANEL INDIA BUSINESS SOLUTIONS P LTD': ['CHANEL', 'INDIA', 'BUSINESS', 'SOLUTIONS', 'LTD']
2026-05-12 11:14:22,422 [INFO] PDF has 8 page(s) — trying table extraction
2026-05-12 11:14:22,520 [INFO]   Page 1: 0 table(s) found
2026-05-12 11:14:22,633 [INFO]   Page 2: 0 table(s) found
2026-05-12 11:14:22,762 [INFO]   Page 3: 0 table(s) found
2026-05-12 11:14:22,940 [INFO]   Page 4: 0 table(s) found
2026-05-12 11:14:23,070 [INFO]   Page 5: 0 table(s) found
2026-05-12 11:14:23,157 [INFO]   Page 6: 0 table(s) found
2026-05-12 11:14:23,228 [INFO]   Page 7: 0 table(s) found
2026-05-12 11:14:23,330 [INFO]   Page 8: 0 table(s) found
2026-05-12 11:14:23,331 [WARNING] Table extraction found nothing — trying word/X-position method
2026-05-12 11:14:24,601 [WARNING] Word method found nothing — falling back to plain-text line scan
2026-05-12 11:14:25,671 [INFO] Level 3 found 0 match(es)
2026-05-12 11:14:25,672 [INFO]   NOT FOUND in Daily_Cause_List Dated 12.05.2026.pdf: ['MRS. ANITA RAHEJA', 'MR. SHIV RAHEJA', 'MR. DEEPAK RAHEJA', 'MR. ADITYA RAHEJA', 'MUMBAI WTR PRIVATE LIMITED', 'CHANEL INDIA BUSINESS SOLUTIONS P LTD']
2026-05-12 11:14:25,672 [INFO]   No matches in: Daily_Cause_List Dated 12.05.2026.pdf
2026-05-12 11:14:25,672 [INFO] 
Processing: 12.05.2026 Court-1_20260511_0001.pdf (Chandigarh Bench Court-I)
2026-05-12 11:14:25,672 [INFO]   No clients mapped to 'Chandigarh Bench Court-I' — skipping
2026-05-12 11:14:25,672 [INFO] 
Processing: RULE 28 NOTICE - 11.05.2026_0.pdf (Kochi Bench Court-I)
2026-05-12 11:14:25,673 [INFO]   Checking 6 client(s): ['MRS. ANITA RAHEJA', 'MR. SHIV RAHEJA', 'MR. DEEPAK RAHEJA', 'MR. ADITYA RAHEJA', 'MUMBAI WTR PRIVATE LIMITED', 'CHANEL INDIA BUSINESS SOLUTIONS P LTD']
2026-05-12 11:14:26,921 [INFO]   Fetched 2163 KB
2026-05-12 11:14:27,151 [INFO]   Page size: 597×845  Words:259  H-lines:0  V-lines:0
2026-05-12 11:14:27,152 [INFO]   Match words for 'MRS. ANITA RAHEJA': ['ANITA', 'RAHEJA']
2026-05-12 11:14:27,152 [INFO]   Match words for 'MR. SHIV RAHEJA': ['SHIV', 'RAHEJA']
2026-05-12 11:14:27,152 [INFO]   Match words for 'MR. DEEPAK RAHEJA': ['DEEPAK', 'RAHEJA']
2026-05-12 11:14:27,152 [INFO]   Match words for 'MR. ADITYA RAHEJA': ['ADITYA', 'RAHEJA']
2026-05-12 11:14:27,153 [INFO]   Match words for 'MUMBAI WTR PRIVATE LIMITED': ['MUMBAI', 'WTR', 'PRIVATE', 'LIMITED']
2026-05-12 11:14:27,153 [INFO]   Match words for 'CHANEL INDIA BUSINESS SOLUTIONS P LTD': ['CHANEL', 'INDIA', 'BUSINESS', 'SOLUTIONS', 'LTD']
2026-05-12 11:14:27,167 [INFO] PDF has 7 page(s) — trying table extraction
2026-05-12 11:14:27,436 [INFO]   Page 1: 0 table(s) found
2026-05-12 11:14:27,868 [INFO]   Page 2: 0 table(s) found
2026-05-12 11:14:28,153 [INFO]   Page 3: 0 table(s) found
2026-05-12 11:14:28,453 [INFO]   Page 4: 0 table(s) found
2026-05-12 11:14:28,793 [INFO]   Page 5: 0 table(s) found
2026-05-12 11:14:29,089 [INFO]   Page 6: 0 table(s) found
2026-05-12 11:14:29,158 [INFO]   Page 7: 0 table(s) found
2026-05-12 11:14:29,161 [WARNING] Table extraction found nothing — trying word/X-position method
2026-05-12 11:14:30,726 [WARNING] Word method found nothing — falling back to plain-text line scan
2026-05-12 11:14:33,844 [INFO] Level 3 found 0 match(es)
2026-05-12 11:14:33,844 [INFO]   NOT FOUND in RULE 28 NOTICE - 11.05.2026_0.pdf: ['MRS. ANITA RAHEJA', 'MR. SHIV RAHEJA', 'MR. DEEPAK RAHEJA', 'MR. ADITYA RAHEJA', 'MUMBAI WTR PRIVATE LIMITED', 'CHANEL INDIA BUSINESS SOLUTIONS P LTD']
2026-05-12 11:14:33,845 [INFO]   No matches in: RULE 28 NOTICE - 11.05.2026_0.pdf
2026-05-12 11:14:34,025 [INFO] ============================================================
2026-05-12 11:14:34,025 [INFO] FOUND:     ['ATUL S BHARANI', 'ESSEL INFRAPROJECTS LIMITED', 'MRS. ANITA RAHEJA']
2026-05-12 11:14:34,025 [INFO] NOT FOUND: ['MR. SHIV RAHEJA', 'MR. DEEPAK RAHEJA', 'MR. ADITYA RAHEJA', 'MUMBAI WTR PRIVATE LIMITED', 'ALKA RAJESH MIMANI', 'DEEPAK VIJAY BAGRA', 'BHARAT MEHTA', 'LOK HOUSING & CONSTRUCTIONS LTD', 'CALYX LENORA REALTY LLP', 'KASHYAP MEHTA', 'MR. ATUL TANSUKHLAL MEHTA', 'MR. HEMANT JITENDRARAI MEHTA', 'OKI INDIA PRIVATE LIMITED', 'SHROFF TEXTILES LIMITED', 'KAMLESH CORPORATION', 'CHANEL INDIA BUSINESS SOLUTIONS P LTD']
2026-05-12 11:14:34,025 [INFO] DONE — 4 match(es). Sending combined alert email …
2026-05-12 11:14:35,436 [INFO] Email sent → ['tejashree@apmh.in']
2026-05-12 11:14:35,436 [INFO] ============================================================
2026-05-12 11:28:18,193 [INFO] ============================================================
2026-05-12 11:28:18,194 [INFO] NCLT Automation starting
2026-05-12 11:28:18,194 [INFO] Search date: 08/05/2026
2026-05-12 11:28:18,194 [INFO] Clients: ['MRS. ANITA RAHEJA', 'MR. SHIV RAHEJA', 'MR. DEEPAK RAHEJA', 'MR. ADITYA RAHEJA', 'MUMBAI WTR PRIVATE LIMITED', 'ALKA RAJESH MIMANI', 'DEEPAK VIJAY BAGRA', 'BHARAT MEHTA', 'LOK HOUSING & CONSTRUCTIONS LTD', 'CALYX LENORA REALTY LLP', 'ESSEL INFRAPROJECTS LIMITED', 'ATUL S BHARANI', 'KASHYAP MEHTA', 'MR. ATUL TANSUKHLAL MEHTA', 'MR. HEMANT JITENDRARAI MEHTA', 'OKI INDIA PRIVATE LIMITED', 'SHROFF TEXTILES LIMITED', 'KAMLESH CORPORATION', 'CHANEL INDIA BUSINESS SOLUTIONS P LTD']
2026-05-12 11:28:18,205 [INFO] ============================================================
2026-05-12 11:28:20,609 [INFO] Opening NCLT cause list page (attempt 1)…
2026-05-12 11:28:29,744 [INFO] Selecting 08/05/2026 in #edit-field-cause-date-value
2026-05-12 11:28:30,938 [INFO] Calendar header: 'May 2026'
2026-05-12 11:28:31,186 [INFO] Clicked day 8
2026-05-12 11:28:31,693 [INFO] Selecting 08/05/2026 in #edit-field-cause-date-value-1
2026-05-12 11:28:32,756 [INFO] Calendar header: 'May 2026'
2026-05-12 11:28:32,927 [INFO] Clicked day 8
2026-05-12 11:28:33,441 [INFO] Solving CAPTCHA …
2026-05-12 11:28:34,465 [INFO] CAPTCHA solved: 7 + 8 = 15
2026-05-12 11:28:34,514 [INFO] CAPTCHA answer: 15
2026-05-12 11:28:35,024 [INFO] Clicking Search …
2026-05-12 11:28:36,668 [INFO] Clicked search via #edit-submit-all-couse-list
2026-05-12 11:28:42,262 [INFO] Results URL: https://nclt.gov.in/all-couse-list?field_nclt_benches_list_target_id=All&field_cause_date_value=05%2F08%2F2026&field_cause_date_value_1=05%2F08%2F2026&captcha_sid=27400150&captcha_token=5do0LdOxJB3kGHaTqyYUdmepx2Um2tWCxl2YCkDcrQk&captcha_response=15
2026-05-12 11:28:42,335 [INFO] Cities we need PDFs for: {'mumbai', 'bengaluru', 'bangalore', 'bombay'}
2026-05-12 11:28:42,335 [INFO] Scraping results page 1 …
2026-05-12 11:28:42,363 [INFO]   Result rows on this page: 21
2026-05-12 11:28:42,458 [INFO]     PDF: court VI cause list 08.05.2026 Additional cause list.pdf | Mumbai Bench Court-VI | 08/05/2026
2026-05-12 11:28:42,534 [INFO]     PDF: SUPPLEMENTARY LIST 08.05.2026.pdf | Chennai Bench Court-II | 08/05/2026
2026-05-12 11:28:42,606 [INFO]     PDF: Supplementary Cause List Allahabad Bench 08.05.2026.pdf | Allahabad Bench Court-I | 08/05/2026
2026-05-12 11:28:42,671 [INFO]     PDF: Cause List PB 08.06.2026 P-8.pdf | Principal Bench Court-I | 08/05/2026
2026-05-12 11:28:42,733 [INFO]     PDF: Order dated 27.04.2026- NCLT Kolkata Bench- Court no. I on 08.05.2026.pdf | Kolkata Bench Court-I | 08/05/2026
2026-05-12 11:28:42,796 [INFO]     PDF: 08.05.2026 Court 2_000485.pdf | Chandigarh Bench Court-II | 08/05/2026
2026-05-12 11:28:42,864 [INFO]     PDF: Causelist 08.05.2026_0.pdf | Chennai Bench Court-I | 08/05/2026
2026-05-12 11:28:42,942 [INFO]     PDF: 08-05-2026 Court-1.pdf | Ahmedabad Bench Court-I | 08/05/2026
2026-05-12 11:28:43,022 [INFO]     PDF: Bench-II Cause List dated 08.05.2026.pdf | Kolkata Bench Court II | 08/05/2026
2026-05-12 11:28:43,095 [INFO]     PDF: Daily_Cause_List Dated 08.05.2026.pdf | Cuttack Bench Court-I | 08/05/2026
2026-05-12 11:28:43,173 [INFO]     PDF: Cause list_08-05-2026.pdf | Jaipur Bench Court-I | 08/05/2026
2026-05-12 11:28:43,258 [INFO]     PDF: 08.05.2026 Cause List Court 1 NCLT Hyd.pdf | Hyderabad Bench Court-I | 08/05/2026
2026-05-12 11:28:43,346 [INFO]     PDF: 08-05-2026 Final IND Cause List.pdf | Indore Bench Court-I | 08/05/2026
2026-05-12 11:28:43,427 [INFO]     PDF: Cause List Allahabad Bench 08.05.2026.pdf | Allahabad Bench Court-I | 08/05/2026
2026-05-12 11:28:43,494 [INFO]     PDF: 08.05.2026 CAUSE LIST C- II.pdf | Mumbai Bench Court-II | 08/05/2026
2026-05-12 11:28:43,559 [INFO]     PDF: Cause List Court- VI (08.05.2026).pdf | New Delhi Bench Court-VI | 08/05/2026
2026-05-12 11:28:43,639 [INFO]     PDF: C-IV Final Cause list 08.05.2026.pdf | New Delhi Bench Court-IV | 08/05/2026
2026-05-12 11:28:43,708 [INFO]     PDF: Cause list court-II 08.05.2026.pdf | Hyderabad Bench Court-II | 08/05/2026
2026-05-12 11:28:43,777 [INFO]     PDF: C-II CAUSELIST 08.05.2026.pdf | Chennai Bench Court-II | 08/05/2026
2026-05-12 11:28:43,851 [INFO]     PDF: Amaravati Bench Cause list - 08.05.2026.pdf | Amaravati Bench Court-I | 08/05/2026
2026-05-12 11:28:43,861 [INFO] Navigating to results page 2 …
2026-05-12 11:28:50,257 [INFO]   Result rows on this page: 18
2026-05-12 11:28:50,363 [INFO]     PDF: Cause List 08.05.2026 COURT 5-MUMBAI BENCH.pdf | Mumbai Bench Court-V | 08/05/2026
2026-05-12 11:28:50,440 [INFO]     PDF: 08.05.2026 Mumbai Bench Court -1.pdf | Mumbai Bench Court-I | 08/05/2026
2026-05-12 11:28:50,519 [INFO]     PDF: Special Bench Cause-List Court-V 08.05.2026.pdf | New Delhi Bench Court-V | 08/05/2026
2026-05-12 11:28:50,598 [INFO]     PDF: DAILY CAUSE LIST - 08.05.2026.pdf | Kochi Bench Court-I | 08/05/2026
2026-05-12 11:28:50,670 [INFO]     PDF: Cause-List Court-V 08.05.2026.pdf | New Delhi Bench Court-V | 08/05/2026
2026-05-12 11:28:50,733 [INFO]     PDF: DAILY CAUSE LIST - 08.05.2026 - SPECIAL BENCH.pdf | Kochi Bench Court-I | 08/05/2026
2026-05-12 11:28:50,802 [INFO]     PDF: 08.05.2026 Special banch.pdf | Bengaluru Bench Court-I | 08/05/2026
2026-05-12 11:28:50,869 [INFO]     PDF: Order dated 06.05.2026 regarding Constitution of Special Bench at NCLT Kochi Bench- For Pronouncement .pdf | Kochi Bench Court-I | 08/05/2026
2026-05-12 11:28:50,945 [INFO]     PDF: court VI cause list 08.05.2026.pdf | Mumbai Bench Court-VI | 08/05/2026
2026-05-12 11:28:51,019 [INFO]     PDF: 08-05-2026 Court-2.pdf | Ahmedabad Bench Court-II | 08/05/2026
2026-05-12 11:28:51,089 [INFO]     PDF: 08.05.2026 Cause List .pdf | New Delhi Bench Court-II | 08/05/2026
2026-05-12 11:28:51,172 [INFO]     PDF: C-III Cause list 08.05.2026.pdf | New Delhi Bench Court-III | 08/05/2026
2026-05-12 11:28:51,250 [INFO]     PDF: Causelist 08.05.2026.pdf | Guwahati Bench Court-I | 08/05/2026
2026-05-12 11:28:51,322 [INFO]     PDF: Supple 08.05.2026 Court-1_20260507_0001.pdf | Chandigarh Bench Court-I | 08/05/2026
2026-05-12 11:28:51,399 [INFO]     PDF: 08.05.2026 Court-1_20260507_0001.pdf | Chandigarh Bench Court-I | 08/05/2026
2026-05-12 11:28:51,472 [INFO]     PDF: 08.05.2026 CAUSE LIST-IV LIST-IV.pdf | Mumbai Bench Court-IV | 08/05/2026
2026-05-12 11:28:51,547 [INFO]     PDF: NCLT COURT - III MUMBAI BENCH CAUSE LIST ON 08.05.2026 Special Bench.pdf | Mumbai Bench Court-III | 08/05/2026
2026-05-12 11:28:51,615 [INFO] No more pagination pages found after page 2.
2026-05-12 11:28:51,615 [INFO] Total PDFs found across 2 result page(s): 37
2026-05-12 11:28:51,615 [INFO] 
Processing: court VI cause list 08.05.2026 Additional cause list.pdf (Mumbai Bench Court-VI)
2026-05-12 11:28:51,616 [INFO]   Checking 3 client(s): ['OKI INDIA PRIVATE LIMITED', 'SHROFF TEXTILES LIMITED', 'KAMLESH CORPORATION']
2026-05-12 11:28:52,341 [INFO]   Fetched 101 KB
2026-05-12 11:28:52,895 [INFO]   Page size: 842×596  Words:243  H-lines:0  V-lines:0
2026-05-12 11:28:52,895 [INFO]   Match words for 'OKI INDIA PRIVATE LIMITED': ['OKI', 'INDIA', 'PRIVATE', 'LIMITED']
2026-05-12 11:28:52,895 [INFO]   Match words for 'SHROFF TEXTILES LIMITED': ['SHROFF', 'TEXTILES', 'LIMITED']
2026-05-12 11:28:52,895 [INFO]   Match words for 'KAMLESH CORPORATION': ['KAMLESH', 'CORPORATION']
2026-05-12 11:28:52,900 [INFO] PDF has 2 page(s) — trying table extraction
2026-05-12 11:28:53,324 [INFO]   Page 1: 1 table(s) found
2026-05-12 11:28:53,660 [INFO]   Page 2: 1 table(s) found
2026-05-12 11:28:53,661 [WARNING] Table extraction found nothing — trying word/X-position method
2026-05-12 11:28:54,517 [WARNING] Word method found nothing — falling back to plain-text line scan
2026-05-12 11:28:55,266 [INFO] Level 3 found 0 match(es)
2026-05-12 11:28:55,267 [INFO]   NOT FOUND in court VI cause list 08.05.2026 Additional cause list.pdf: ['OKI INDIA PRIVATE LIMITED', 'SHROFF TEXTILES LIMITED', 'KAMLESH CORPORATION']
2026-05-12 11:28:55,267 [INFO]   No matches in: court VI cause list 08.05.2026 Additional cause list.pdf
2026-05-12 11:28:55,267 [INFO] 
Processing: SUPPLEMENTARY LIST 08.05.2026.pdf (Chennai Bench Court-II)
2026-05-12 11:28:55,267 [INFO]   No clients mapped to 'Chennai Bench Court-II' — skipping
2026-05-12 11:28:55,267 [INFO] 
Processing: Supplementary Cause List Allahabad Bench 08.05.2026.pdf (Allahabad Bench Court-I)
2026-05-12 11:28:55,267 [INFO]   No clients mapped to 'Allahabad Bench Court-I' — skipping
2026-05-12 11:28:55,267 [INFO] 
Processing: Cause List PB 08.06.2026 P-8.pdf (Principal Bench Court-I)
2026-05-12 11:28:55,267 [INFO]   Checking 6 client(s): ['MRS. ANITA RAHEJA', 'MR. SHIV RAHEJA', 'MR. DEEPAK RAHEJA', 'MR. ADITYA RAHEJA', 'MUMBAI WTR PRIVATE LIMITED', 'CHANEL INDIA BUSINESS SOLUTIONS P LTD']
2026-05-12 11:28:56,046 [INFO]   Fetched 376 KB
2026-05-12 11:28:56,262 [INFO]   Page size: 792×612  Words:227  H-lines:0  V-lines:0
2026-05-12 11:28:56,264 [INFO]   Match words for 'MRS. ANITA RAHEJA': ['ANITA', 'RAHEJA']
2026-05-12 11:28:56,264 [INFO]   Match words for 'MR. SHIV RAHEJA': ['SHIV', 'RAHEJA']
2026-05-12 11:28:56,264 [INFO]   Match words for 'MR. DEEPAK RAHEJA': ['DEEPAK', 'RAHEJA']
2026-05-12 11:28:56,264 [INFO]   Match words for 'MR. ADITYA RAHEJA': ['ADITYA', 'RAHEJA']
2026-05-12 11:28:56,264 [INFO]   Match words for 'MUMBAI WTR PRIVATE LIMITED': ['MUMBAI', 'WTR', 'PRIVATE', 'LIMITED']
2026-05-12 11:28:56,265 [INFO]   Match words for 'CHANEL INDIA BUSINESS SOLUTIONS P LTD': ['CHANEL', 'INDIA', 'BUSINESS', 'SOLUTIONS', 'LTD']
2026-05-12 11:28:56,278 [INFO] PDF has 8 page(s) — trying table extraction
2026-05-12 11:28:56,437 [INFO]   Page 1: 2 table(s) found
2026-05-12 11:28:56,678 [INFO]   Page 2: 1 table(s) found
2026-05-12 11:28:56,904 [INFO]   Page 3: 1 table(s) found
2026-05-12 11:28:57,248 [INFO]   Page 4: 1 table(s) found
2026-05-12 11:28:57,548 [INFO]   Page 5: 1 table(s) found
2026-05-12 11:28:57,810 [INFO]   Page 6: 1 table(s) found
2026-05-12 11:28:58,042 [INFO]   Page 7: 1 table(s) found
2026-05-12 11:28:58,042 [INFO]   [TABLE] MATCH 'MR. ADITYA RAHEJA' row 4
2026-05-12 11:28:58,113 [INFO]   Page 8: 1 table(s) found
2026-05-12 11:28:58,113 [INFO] Level 1 found 1 match(es)
2026-05-12 11:28:58,114 [INFO]   NOT FOUND in Cause List PB 08.06.2026 P-8.pdf: ['MRS. ANITA RAHEJA', 'MR. SHIV RAHEJA', 'MR. DEEPAK RAHEJA', 'MUMBAI WTR PRIVATE LIMITED', 'CHANEL INDIA BUSINESS SOLUTIONS P LTD']
2026-05-12 11:28:58,114 [INFO]   *** 1 MATCH(ES) ***
2026-05-12 11:28:58,114 [INFO] 
Processing: Order dated 27.04.2026- NCLT Kolkata Bench- Court no. I on 08.05.2026.pdf (Kolkata Bench Court-I)
2026-05-12 11:28:58,114 [INFO]   No clients mapped to 'Kolkata Bench Court-I' — skipping
2026-05-12 11:28:58,114 [INFO] 
Processing: 08.05.2026 Court 2_000485.pdf (Chandigarh Bench Court-II)
2026-05-12 11:28:58,114 [INFO]   No clients mapped to 'Chandigarh Bench Court-II' — skipping
2026-05-12 11:28:58,114 [INFO] 
Processing: Causelist 08.05.2026_0.pdf (Chennai Bench Court-I)
2026-05-12 11:28:58,114 [INFO]   No clients mapped to 'Chennai Bench Court-I' — skipping
2026-05-12 11:28:58,114 [INFO] 
Processing: 08-05-2026 Court-1.pdf (Ahmedabad Bench Court-I)
2026-05-12 11:28:58,114 [INFO]   No clients mapped to 'Ahmedabad Bench Court-I' — skipping
2026-05-12 11:28:58,114 [INFO] 
Processing: Bench-II Cause List dated 08.05.2026.pdf (Kolkata Bench Court II)
2026-05-12 11:28:58,115 [INFO]   No clients mapped to 'Kolkata Bench Court II' — skipping
2026-05-12 11:28:58,115 [INFO] 
Processing: Daily_Cause_List Dated 08.05.2026.pdf (Cuttack Bench Court-I)
2026-05-12 11:28:58,115 [INFO]   Checking 6 client(s): ['MRS. ANITA RAHEJA', 'MR. SHIV RAHEJA', 'MR. DEEPAK RAHEJA', 'MR. ADITYA RAHEJA', 'MUMBAI WTR PRIVATE LIMITED', 'CHANEL INDIA BUSINESS SOLUTIONS P LTD']
2026-05-12 11:29:04,120 [INFO]   Fetched 9771 KB
2026-05-12 11:29:04,271 [INFO]   Page size: 842×595  Words:237  H-lines:0  V-lines:0
2026-05-12 11:29:04,272 [INFO]   Match words for 'MRS. ANITA RAHEJA': ['ANITA', 'RAHEJA']
2026-05-12 11:29:04,272 [INFO]   Match words for 'MR. SHIV RAHEJA': ['SHIV', 'RAHEJA']
2026-05-12 11:29:04,272 [INFO]   Match words for 'MR. DEEPAK RAHEJA': ['DEEPAK', 'RAHEJA']
2026-05-12 11:29:04,272 [INFO]   Match words for 'MR. ADITYA RAHEJA': ['ADITYA', 'RAHEJA']
2026-05-12 11:29:04,272 [INFO]   Match words for 'MUMBAI WTR PRIVATE LIMITED': ['MUMBAI', 'WTR', 'PRIVATE', 'LIMITED']
2026-05-12 11:29:04,272 [INFO]   Match words for 'CHANEL INDIA BUSINESS SOLUTIONS P LTD': ['CHANEL', 'INDIA', 'BUSINESS', 'SOLUTIONS', 'LTD']
2026-05-12 11:29:04,288 [INFO] PDF has 14 page(s) — trying table extraction
2026-05-12 11:29:04,412 [INFO]   Page 1: 0 table(s) found
2026-05-12 11:29:04,554 [INFO]   Page 2: 0 table(s) found
2026-05-12 11:29:04,738 [INFO]   Page 3: 0 table(s) found
2026-05-12 11:29:04,866 [INFO]   Page 4: 0 table(s) found
2026-05-12 11:29:05,055 [INFO]   Page 5: 0 table(s) found
2026-05-12 11:29:05,368 [INFO]   Page 6: 0 table(s) found
2026-05-12 11:29:05,543 [INFO]   Page 7: 0 table(s) found
2026-05-12 11:29:05,710 [INFO]   Page 8: 0 table(s) found
2026-05-12 11:29:05,874 [INFO]   Page 9: 0 table(s) found
2026-05-12 11:29:05,983 [INFO]   Page 10: 0 table(s) found
2026-05-12 11:29:06,118 [INFO]   Page 11: 0 table(s) found
2026-05-12 11:29:06,235 [INFO]   Page 12: 0 table(s) found
2026-05-12 11:29:06,383 [INFO]   Page 13: 0 table(s) found
2026-05-12 11:29:06,488 [INFO]   Page 14: 0 table(s) found
2026-05-12 11:29:06,489 [WARNING] Table extraction found nothing — trying word/X-position method
2026-05-12 11:29:08,772 [WARNING] Word method found nothing — falling back to plain-text line scan
2026-05-12 11:29:11,189 [INFO] Level 3 found 0 match(es)
2026-05-12 11:29:11,189 [INFO]   NOT FOUND in Daily_Cause_List Dated 08.05.2026.pdf: ['MRS. ANITA RAHEJA', 'MR. SHIV RAHEJA', 'MR. DEEPAK RAHEJA', 'MR. ADITYA RAHEJA', 'MUMBAI WTR PRIVATE LIMITED', 'CHANEL INDIA BUSINESS SOLUTIONS P LTD']
2026-05-12 11:29:11,189 [INFO]   No matches in: Daily_Cause_List Dated 08.05.2026.pdf
2026-05-12 11:29:11,189 [INFO] 
Processing: Cause list_08-05-2026.pdf (Jaipur Bench Court-I)
2026-05-12 11:29:11,191 [INFO]   Checking 6 client(s): ['MRS. ANITA RAHEJA', 'MR. SHIV RAHEJA', 'MR. DEEPAK RAHEJA', 'MR. ADITYA RAHEJA', 'MUMBAI WTR PRIVATE LIMITED', 'CHANEL INDIA BUSINESS SOLUTIONS P LTD']
2026-05-12 11:29:11,652 [INFO]   Fetched 684 KB
2026-05-12 11:29:12,132 [INFO]   Page size: 1008×612  Words:225  H-lines:0  V-lines:0
2026-05-12 11:29:12,132 [INFO]   Match words for 'MRS. ANITA RAHEJA': ['ANITA', 'RAHEJA']
2026-05-12 11:29:12,133 [INFO]   Match words for 'MR. SHIV RAHEJA': ['SHIV', 'RAHEJA']
2026-05-12 11:29:12,133 [INFO]   Match words for 'MR. DEEPAK RAHEJA': ['DEEPAK', 'RAHEJA']
2026-05-12 11:29:12,133 [INFO]   Match words for 'MR. ADITYA RAHEJA': ['ADITYA', 'RAHEJA']
2026-05-12 11:29:12,133 [INFO]   Match words for 'MUMBAI WTR PRIVATE LIMITED': ['MUMBAI', 'WTR', 'PRIVATE', 'LIMITED']
2026-05-12 11:29:12,133 [INFO]   Match words for 'CHANEL INDIA BUSINESS SOLUTIONS P LTD': ['CHANEL', 'INDIA', 'BUSINESS', 'SOLUTIONS', 'LTD']
2026-05-12 11:29:12,369 [INFO] PDF has 13 page(s) — trying table extraction
2026-05-12 11:29:12,646 [INFO]   Page 1: 1 table(s) found
2026-05-12 11:29:12,846 [INFO]   Page 2: 1 table(s) found
2026-05-12 11:29:13,104 [INFO]   Page 3: 1 table(s) found
2026-05-12 11:29:13,296 [INFO]   Page 4: 1 table(s) found
2026-05-12 11:29:13,497 [INFO]   Page 5: 1 table(s) found
2026-05-12 11:29:13,698 [INFO]   Page 6: 1 table(s) found
2026-05-12 11:29:14,064 [INFO]   Page 7: 1 table(s) found
2026-05-12 11:29:14,402 [INFO]   Page 8: 1 table(s) found
2026-05-12 11:29:15,468 [INFO]   Page 9: 1 table(s) found
2026-05-12 11:29:15,724 [INFO]   Page 10: 1 table(s) found
2026-05-12 11:29:15,889 [INFO]   Page 11: 1 table(s) found
2026-05-12 11:29:15,933 [INFO]   Page 12: 1 table(s) found
2026-05-12 11:29:16,026 [INFO]   Page 13: 0 table(s) found
2026-05-12 11:29:16,026 [WARNING] Table extraction found nothing — trying word/X-position method
2026-05-12 11:29:19,744 [WARNING] Word method found nothing — falling back to plain-text line scan
2026-05-12 11:29:23,292 [INFO] Level 3 found 0 match(es)
2026-05-12 11:29:23,292 [INFO]   NOT FOUND in Cause list_08-05-2026.pdf: ['MRS. ANITA RAHEJA', 'MR. SHIV RAHEJA', 'MR. DEEPAK RAHEJA', 'MR. ADITYA RAHEJA', 'MUMBAI WTR PRIVATE LIMITED', 'CHANEL INDIA BUSINESS SOLUTIONS P LTD']
2026-05-12 11:29:23,292 [INFO]   No matches in: Cause list_08-05-2026.pdf
2026-05-12 11:29:23,292 [INFO] 
Processing: 08.05.2026 Cause List Court 1 NCLT Hyd.pdf (Hyderabad Bench Court-I)
2026-05-12 11:29:23,293 [INFO]   No clients mapped to 'Hyderabad Bench Court-I' — skipping
2026-05-12 11:29:23,293 [INFO] 
Processing: 08-05-2026 Final IND Cause List.pdf (Indore Bench Court-I)
2026-05-12 11:29:23,293 [INFO]   Checking 6 client(s): ['MRS. ANITA RAHEJA', 'MR. SHIV RAHEJA', 'MR. DEEPAK RAHEJA', 'MR. ADITYA RAHEJA', 'MUMBAI WTR PRIVATE LIMITED', 'CHANEL INDIA BUSINESS SOLUTIONS P LTD']
2026-05-12 11:29:23,605 [INFO]   Fetched 108 KB
2026-05-12 11:29:23,710 [INFO]   Page size: 792×612  Words:226  H-lines:0  V-lines:0
2026-05-12 11:29:23,710 [INFO]   Match words for 'MRS. ANITA RAHEJA': ['ANITA', 'RAHEJA']
2026-05-12 11:29:23,710 [INFO]   Match words for 'MR. SHIV RAHEJA': ['SHIV', 'RAHEJA']
2026-05-12 11:29:23,710 [INFO]   Match words for 'MR. DEEPAK RAHEJA': ['DEEPAK', 'RAHEJA']
2026-05-12 11:29:23,710 [INFO]   Match words for 'MR. ADITYA RAHEJA': ['ADITYA', 'RAHEJA']
2026-05-12 11:29:23,710 [INFO]   Match words for 'MUMBAI WTR PRIVATE LIMITED': ['MUMBAI', 'WTR', 'PRIVATE', 'LIMITED']
2026-05-12 11:29:23,711 [INFO]   Match words for 'CHANEL INDIA BUSINESS SOLUTIONS P LTD': ['CHANEL', 'INDIA', 'BUSINESS', 'SOLUTIONS', 'LTD']
2026-05-12 11:29:23,720 [INFO] PDF has 6 page(s) — trying table extraction
2026-05-12 11:29:23,804 [INFO]   Page 1: 1 table(s) found
2026-05-12 11:29:24,111 [INFO]   Page 2: 1 table(s) found
2026-05-12 11:29:24,371 [INFO]   Page 3: 1 table(s) found
2026-05-12 11:29:24,665 [INFO]   Page 4: 1 table(s) found
2026-05-12 11:29:24,994 [INFO]   Page 5: 1 table(s) found
2026-05-12 11:29:25,148 [INFO]   Page 6: 1 table(s) found
2026-05-12 11:29:25,149 [WARNING] Table extraction found nothing — trying word/X-position method
2026-05-12 11:29:26,590 [WARNING] Word method found nothing — falling back to plain-text line scan
2026-05-12 11:29:27,673 [INFO] Level 3 found 0 match(es)
2026-05-12 11:29:27,673 [INFO]   NOT FOUND in 08-05-2026 Final IND Cause List.pdf: ['MRS. ANITA RAHEJA', 'MR. SHIV RAHEJA', 'MR. DEEPAK RAHEJA', 'MR. ADITYA RAHEJA', 'MUMBAI WTR PRIVATE LIMITED', 'CHANEL INDIA BUSINESS SOLUTIONS P LTD']
2026-05-12 11:29:27,673 [INFO]   No matches in: 08-05-2026 Final IND Cause List.pdf
2026-05-12 11:29:27,673 [INFO] 
Processing: Cause List Allahabad Bench 08.05.2026.pdf (Allahabad Bench Court-I)
2026-05-12 11:29:27,673 [INFO]   No clients mapped to 'Allahabad Bench Court-I' — skipping
2026-05-12 11:29:27,673 [INFO] 
Processing: 08.05.2026 CAUSE LIST C- II.pdf (Mumbai Bench Court-II)
2026-05-12 11:29:27,674 [INFO]   Checking 3 client(s): ['ALKA RAJESH MIMANI', 'DEEPAK VIJAY BAGRA', 'BHARAT MEHTA']
2026-05-12 11:29:28,370 [INFO]   Fetched 522 KB
2026-05-12 11:29:28,804 [INFO]   Page size: 842×595  Words:270  H-lines:0  V-lines:0
2026-05-12 11:29:28,804 [INFO]   Match words for 'ALKA RAJESH MIMANI': ['ALKA', 'RAJESH', 'MIMANI']
2026-05-12 11:29:28,804 [INFO]   Match words for 'DEEPAK VIJAY BAGRA': ['DEEPAK', 'VIJAY', 'BAGRA']
2026-05-12 11:29:28,804 [INFO]   Match words for 'BHARAT MEHTA': ['BHARAT', 'MEHTA']
2026-05-12 11:29:28,827 [INFO] PDF has 11 page(s) — trying table extraction
2026-05-12 11:29:29,232 [INFO]   Page 1: 1 table(s) found
2026-05-12 11:29:29,780 [INFO]   Page 2: 1 table(s) found
2026-05-12 11:29:30,312 [INFO]   Page 3: 1 table(s) found
2026-05-12 11:29:30,718 [INFO]   Page 4: 1 table(s) found
2026-05-12 11:29:31,059 [INFO]   Page 5: 1 table(s) found
2026-05-12 11:29:31,259 [INFO]   Page 6: 1 table(s) found
2026-05-12 11:29:31,585 [INFO]   Page 7: 1 table(s) found
2026-05-12 11:29:31,827 [INFO]   Page 8: 1 table(s) found
2026-05-12 11:29:32,116 [INFO]   Page 9: 1 table(s) found
2026-05-12 11:29:32,515 [INFO]   Page 10: 1 table(s) found
2026-05-12 11:29:32,648 [INFO]   Page 11: 1 table(s) found
2026-05-12 11:29:32,648 [WARNING] Table extraction found nothing — trying word/X-position method
2026-05-12 11:29:36,747 [WARNING] Word method found nothing — falling back to plain-text line scan
2026-05-12 11:29:41,067 [INFO] Level 3 found 0 match(es)
2026-05-12 11:29:41,068 [INFO]   NOT FOUND in 08.05.2026 CAUSE LIST C- II.pdf: ['ALKA RAJESH MIMANI', 'DEEPAK VIJAY BAGRA', 'BHARAT MEHTA']
2026-05-12 11:29:41,068 [INFO]   No matches in: 08.05.2026 CAUSE LIST C- II.pdf
2026-05-12 11:29:41,068 [INFO] 
Processing: Cause List Court- VI (08.05.2026).pdf (New Delhi Bench Court-VI)
2026-05-12 11:29:41,068 [INFO]   No clients mapped to 'New Delhi Bench Court-VI' — skipping
2026-05-12 11:29:41,068 [INFO] 
Processing: C-IV Final Cause list 08.05.2026.pdf (New Delhi Bench Court-IV)
2026-05-12 11:29:41,068 [INFO]   No clients mapped to 'New Delhi Bench Court-IV' — skipping
2026-05-12 11:29:41,068 [INFO] 
Processing: Cause list court-II 08.05.2026.pdf (Hyderabad Bench Court-II)
2026-05-12 11:29:41,068 [INFO]   No clients mapped to 'Hyderabad Bench Court-II' — skipping
2026-05-12 11:29:41,068 [INFO] 
Processing: C-II CAUSELIST 08.05.2026.pdf (Chennai Bench Court-II)
2026-05-12 11:29:41,068 [INFO]   No clients mapped to 'Chennai Bench Court-II' — skipping
2026-05-12 11:29:41,068 [INFO] 
Processing: Amaravati Bench Cause list - 08.05.2026.pdf (Amaravati Bench Court-I)
2026-05-12 11:29:41,069 [INFO]   Checking 6 client(s): ['MRS. ANITA RAHEJA', 'MR. SHIV RAHEJA', 'MR. DEEPAK RAHEJA', 'MR. ADITYA RAHEJA', 'MUMBAI WTR PRIVATE LIMITED', 'CHANEL INDIA BUSINESS SOLUTIONS P LTD']
2026-05-12 11:29:42,986 [INFO]   Fetched 900 KB
2026-05-12 11:29:43,405 [INFO]   Page size: 595×842  Words:412  H-lines:0  V-lines:0
2026-05-12 11:29:43,405 [INFO]   Match words for 'MRS. ANITA RAHEJA': ['ANITA', 'RAHEJA']
2026-05-12 11:29:43,405 [INFO]   Match words for 'MR. SHIV RAHEJA': ['SHIV', 'RAHEJA']
2026-05-12 11:29:43,406 [INFO]   Match words for 'MR. DEEPAK RAHEJA': ['DEEPAK', 'RAHEJA']
2026-05-12 11:29:43,406 [INFO]   Match words for 'MR. ADITYA RAHEJA': ['ADITYA', 'RAHEJA']
2026-05-12 11:29:43,406 [INFO]   Match words for 'MUMBAI WTR PRIVATE LIMITED': ['MUMBAI', 'WTR', 'PRIVATE', 'LIMITED']
2026-05-12 11:29:43,406 [INFO]   Match words for 'CHANEL INDIA BUSINESS SOLUTIONS P LTD': ['CHANEL', 'INDIA', 'BUSINESS', 'SOLUTIONS', 'LTD']
2026-05-12 11:29:43,411 [INFO] PDF has 5 page(s) — trying table extraction
2026-05-12 11:29:44,056 [INFO]   Page 1: 1 table(s) found
2026-05-12 11:29:44,392 [INFO]   Page 2: 1 table(s) found
2026-05-12 11:29:44,523 [INFO]   Page 3: 2 table(s) found
2026-05-12 11:29:44,909 [INFO]   Page 4: 1 table(s) found
2026-05-12 11:29:45,108 [INFO]   Page 5: 1 table(s) found
2026-05-12 11:29:45,109 [WARNING] Table extraction found nothing — trying word/X-position method
2026-05-12 11:29:46,740 [WARNING] Word method found nothing — falling back to plain-text line scan
2026-05-12 11:29:48,149 [INFO] Level 3 found 0 match(es)
2026-05-12 11:29:48,149 [INFO]   NOT FOUND in Amaravati Bench Cause list - 08.05.2026.pdf: ['MRS. ANITA RAHEJA', 'MR. SHIV RAHEJA', 'MR. DEEPAK RAHEJA', 'MR. ADITYA RAHEJA', 'MUMBAI WTR PRIVATE LIMITED', 'CHANEL INDIA BUSINESS SOLUTIONS P LTD']
2026-05-12 11:29:48,149 [INFO]   No matches in: Amaravati Bench Cause list - 08.05.2026.pdf
2026-05-12 11:29:48,149 [INFO] 
Processing: Cause List 08.05.2026 COURT 5-MUMBAI BENCH.pdf (Mumbai Bench Court-V)
2026-05-12 11:29:48,150 [INFO]   Checking 5 client(s): ['ESSEL INFRAPROJECTS LIMITED', 'ATUL S BHARANI', 'KASHYAP MEHTA', 'MR. ATUL TANSUKHLAL MEHTA', 'MR. HEMANT JITENDRARAI MEHTA']
2026-05-12 11:29:49,039 [INFO]   Fetched 644 KB
2026-05-12 11:29:49,679 [INFO]   Page size: 842×595  Words:273  H-lines:0  V-lines:0
2026-05-12 11:29:49,680 [INFO]   Match words for 'ESSEL INFRAPROJECTS LIMITED': ['ESSEL', 'INFRAPROJECTS', 'LIMITED']
2026-05-12 11:29:49,680 [INFO]   Match words for 'ATUL S BHARANI': ['ATUL', 'BHARANI']
2026-05-12 11:29:49,680 [INFO]   Match words for 'KASHYAP MEHTA': ['KASHYAP', 'MEHTA']
2026-05-12 11:29:49,680 [INFO]   Match words for 'MR. ATUL TANSUKHLAL MEHTA': ['ATUL', 'TANSUKHLAL', 'MEHTA']
2026-05-12 11:29:49,680 [INFO]   Match words for 'MR. HEMANT JITENDRARAI MEHTA': ['HEMANT', 'JITENDRARAI', 'MEHTA']
2026-05-12 11:29:49,694 [INFO] PDF has 9 page(s) — trying table extraction
2026-05-12 11:29:50,318 [INFO]   Page 1: 1 table(s) found
2026-05-12 11:29:50,864 [INFO]   Page 2: 1 table(s) found
2026-05-12 11:29:51,397 [INFO]   Page 3: 1 table(s) found
2026-05-12 11:29:51,770 [INFO]   Page 4: 1 table(s) found
2026-05-12 11:29:52,184 [INFO]   Page 5: 1 table(s) found
2026-05-12 11:29:52,632 [INFO]   Page 6: 1 table(s) found
2026-05-12 11:29:53,084 [INFO]   Page 7: 1 table(s) found
2026-05-12 11:29:53,655 [INFO]   Page 8: 1 table(s) found
2026-05-12 11:29:53,812 [INFO]   Page 9: 1 table(s) found
2026-05-12 11:29:53,812 [WARNING] Table extraction found nothing — trying word/X-position method
2026-05-12 11:29:58,574 [WARNING] Word method found nothing — falling back to plain-text line scan
2026-05-12 11:30:03,264 [INFO] Level 3 found 0 match(es)
2026-05-12 11:30:03,264 [INFO]   NOT FOUND in Cause List 08.05.2026 COURT 5-MUMBAI BENCH.pdf: ['ESSEL INFRAPROJECTS LIMITED', 'ATUL S BHARANI', 'KASHYAP MEHTA', 'MR. ATUL TANSUKHLAL MEHTA', 'MR. HEMANT JITENDRARAI MEHTA']
2026-05-12 11:30:03,264 [INFO]   No matches in: Cause List 08.05.2026 COURT 5-MUMBAI BENCH.pdf
2026-05-12 11:30:03,264 [INFO] 
Processing: 08.05.2026 Mumbai Bench Court -1.pdf (Mumbai Bench Court-I)
2026-05-12 11:30:03,264 [INFO]   Checking 5 client(s): ['MRS. ANITA RAHEJA', 'MR. SHIV RAHEJA', 'MR. DEEPAK RAHEJA', 'MR. ADITYA RAHEJA', 'MUMBAI WTR PRIVATE LIMITED']
2026-05-12 11:30:04,041 [INFO]   Fetched 527 KB
2026-05-12 11:30:04,440 [INFO]   Page size: 842×596  Words:236  H-lines:0  V-lines:0
2026-05-12 11:30:04,441 [INFO]   Match words for 'MRS. ANITA RAHEJA': ['ANITA', 'RAHEJA']
2026-05-12 11:30:04,441 [INFO]   Match words for 'MR. SHIV RAHEJA': ['SHIV', 'RAHEJA']
2026-05-12 11:30:04,441 [INFO]   Match words for 'MR. DEEPAK RAHEJA': ['DEEPAK', 'RAHEJA']
2026-05-12 11:30:04,441 [INFO]   Match words for 'MR. ADITYA RAHEJA': ['ADITYA', 'RAHEJA']
2026-05-12 11:30:04,442 [INFO]   Match words for 'MUMBAI WTR PRIVATE LIMITED': ['MUMBAI', 'WTR', 'PRIVATE', 'LIMITED']
2026-05-12 11:30:04,473 [INFO] PDF has 11 page(s) — trying table extraction
2026-05-12 11:30:04,798 [INFO]   Page 1: 1 table(s) found
2026-05-12 11:30:05,381 [INFO]   Page 2: 1 table(s) found
2026-05-12 11:30:06,120 [INFO]   Page 3: 1 table(s) found
2026-05-12 11:30:06,747 [INFO]   Page 4: 1 table(s) found
2026-05-12 11:30:07,219 [INFO]   Page 5: 1 table(s) found
2026-05-12 11:30:07,731 [INFO]   Page 6: 1 table(s) found
2026-05-12 11:30:08,167 [INFO]   Page 7: 1 table(s) found
2026-05-12 11:30:08,570 [INFO]   Page 8: 1 table(s) found
2026-05-12 11:30:09,126 [INFO]   Page 9: 1 table(s) found
2026-05-12 11:30:09,314 [INFO]   Page 10: 1 table(s) found
2026-05-12 11:30:09,403 [INFO]   Page 11: 0 table(s) found
2026-05-12 11:30:09,404 [WARNING] Table extraction found nothing — trying word/X-position method
2026-05-12 11:30:15,412 [WARNING] Word method found nothing — falling back to plain-text line scan
2026-05-12 11:30:19,960 [INFO] Level 3 found 0 match(es)
2026-05-12 11:30:19,960 [INFO]   NOT FOUND in 08.05.2026 Mumbai Bench Court -1.pdf: ['MRS. ANITA RAHEJA', 'MR. SHIV RAHEJA', 'MR. DEEPAK RAHEJA', 'MR. ADITYA RAHEJA', 'MUMBAI WTR PRIVATE LIMITED']
2026-05-12 11:30:19,960 [INFO]   No matches in: 08.05.2026 Mumbai Bench Court -1.pdf
2026-05-12 11:30:19,960 [INFO] 
Processing: Special Bench Cause-List Court-V 08.05.2026.pdf (New Delhi Bench Court-V)
2026-05-12 11:30:19,960 [INFO]   No clients mapped to 'New Delhi Bench Court-V' — skipping
2026-05-12 11:30:19,960 [INFO] 
Processing: DAILY CAUSE LIST - 08.05.2026.pdf (Kochi Bench Court-I)
2026-05-12 11:30:19,961 [INFO]   Checking 6 client(s): ['MRS. ANITA RAHEJA', 'MR. SHIV RAHEJA', 'MR. DEEPAK RAHEJA', 'MR. ADITYA RAHEJA', 'MUMBAI WTR PRIVATE LIMITED', 'CHANEL INDIA BUSINESS SOLUTIONS P LTD']
2026-05-12 11:30:21,288 [INFO]   Fetched 1153 KB
2026-05-12 11:30:21,577 [INFO]   Page size: 843×596  Words:225  H-lines:4  V-lines:3
2026-05-12 11:30:21,578 [INFO]   Match words for 'MRS. ANITA RAHEJA': ['ANITA', 'RAHEJA']
2026-05-12 11:30:21,578 [INFO]   Match words for 'MR. SHIV RAHEJA': ['SHIV', 'RAHEJA']
2026-05-12 11:30:21,578 [INFO]   Match words for 'MR. DEEPAK RAHEJA': ['DEEPAK', 'RAHEJA']
2026-05-12 11:30:21,578 [INFO]   Match words for 'MR. ADITYA RAHEJA': ['ADITYA', 'RAHEJA']
2026-05-12 11:30:21,581 [INFO]   Match words for 'MUMBAI WTR PRIVATE LIMITED': ['MUMBAI', 'WTR', 'PRIVATE', 'LIMITED']
2026-05-12 11:30:21,581 [INFO]   Match words for 'CHANEL INDIA BUSINESS SOLUTIONS P LTD': ['CHANEL', 'INDIA', 'BUSINESS', 'SOLUTIONS', 'LTD']
2026-05-12 11:30:21,593 [INFO] PDF has 6 page(s) — trying table extraction
2026-05-12 11:30:21,973 [INFO]   Page 1: 1 table(s) found
2026-05-12 11:30:22,691 [INFO]   Page 2: 1 table(s) found
2026-05-12 11:30:23,184 [INFO]   Page 3: 1 table(s) found
2026-05-12 11:30:23,705 [INFO]   Page 4: 1 table(s) found
2026-05-12 11:30:24,371 [INFO]   Page 5: 1 table(s) found
2026-05-12 11:30:24,891 [INFO]   Page 6: 1 table(s) found
2026-05-12 11:30:24,895 [WARNING] Table extraction found nothing — trying word/X-position method
2026-05-12 11:30:27,882 [WARNING] Word method found nothing — falling back to plain-text line scan
2026-05-12 11:30:31,179 [INFO] Level 3 found 0 match(es)
2026-05-12 11:30:31,179 [INFO]   NOT FOUND in DAILY CAUSE LIST - 08.05.2026.pdf: ['MRS. ANITA RAHEJA', 'MR. SHIV RAHEJA', 'MR. DEEPAK RAHEJA', 'MR. ADITYA RAHEJA', 'MUMBAI WTR PRIVATE LIMITED', 'CHANEL INDIA BUSINESS SOLUTIONS P LTD']
2026-05-12 11:30:31,179 [INFO]   No matches in: DAILY CAUSE LIST - 08.05.2026.pdf
2026-05-12 11:30:31,179 [INFO] 
Processing: Cause-List Court-V 08.05.2026.pdf (New Delhi Bench Court-V)
2026-05-12 11:30:31,180 [INFO]   No clients mapped to 'New Delhi Bench Court-V' — skipping
2026-05-12 11:30:31,180 [INFO] 
Processing: DAILY CAUSE LIST - 08.05.2026 - SPECIAL BENCH.pdf (Kochi Bench Court-I)
2026-05-12 11:30:31,180 [INFO]   Checking 6 client(s): ['MRS. ANITA RAHEJA', 'MR. SHIV RAHEJA', 'MR. DEEPAK RAHEJA', 'MR. ADITYA RAHEJA', 'MUMBAI WTR PRIVATE LIMITED', 'CHANEL INDIA BUSINESS SOLUTIONS P LTD']
2026-05-12 11:30:32,524 [INFO]   Fetched 1133 KB
2026-05-12 11:30:32,796 [INFO]   Page size: 843×596  Words:217  H-lines:4  V-lines:3
2026-05-12 11:30:32,796 [INFO]   Match words for 'MRS. ANITA RAHEJA': ['ANITA', 'RAHEJA']
2026-05-12 11:30:32,796 [INFO]   Match words for 'MR. SHIV RAHEJA': ['SHIV', 'RAHEJA']
2026-05-12 11:30:32,797 [INFO]   Match words for 'MR. DEEPAK RAHEJA': ['DEEPAK', 'RAHEJA']
2026-05-12 11:30:32,797 [INFO]   Match words for 'MR. ADITYA RAHEJA': ['ADITYA', 'RAHEJA']
2026-05-12 11:30:32,797 [INFO]   Match words for 'MUMBAI WTR PRIVATE LIMITED': ['MUMBAI', 'WTR', 'PRIVATE', 'LIMITED']
2026-05-12 11:30:32,797 [INFO]   Match words for 'CHANEL INDIA BUSINESS SOLUTIONS P LTD': ['CHANEL', 'INDIA', 'BUSINESS', 'SOLUTIONS', 'LTD']
2026-05-12 11:30:32,800 [INFO] PDF has 3 page(s) — trying table extraction
2026-05-12 11:30:33,090 [INFO]   Page 1: 1 table(s) found
2026-05-12 11:30:33,564 [INFO]   Page 2: 1 table(s) found
2026-05-12 11:30:33,815 [INFO]   Page 3: 1 table(s) found
2026-05-12 11:30:33,815 [WARNING] Table extraction found nothing — trying word/X-position method
2026-05-12 11:30:34,924 [WARNING] Word method found nothing — falling back to plain-text line scan
2026-05-12 11:30:35,902 [INFO] Level 3 found 0 match(es)
2026-05-12 11:30:35,903 [INFO]   NOT FOUND in DAILY CAUSE LIST - 08.05.2026 - SPECIAL BENCH.pdf: ['MRS. ANITA RAHEJA', 'MR. SHIV RAHEJA', 'MR. DEEPAK RAHEJA', 'MR. ADITYA RAHEJA', 'MUMBAI WTR PRIVATE LIMITED', 'CHANEL INDIA BUSINESS SOLUTIONS P LTD']
2026-05-12 11:30:35,903 [INFO]   No matches in: DAILY CAUSE LIST - 08.05.2026 - SPECIAL BENCH.pdf
2026-05-12 11:30:35,904 [INFO] 
Processing: 08.05.2026 Special banch.pdf (Bengaluru Bench Court-I)
2026-05-12 11:30:35,904 [INFO]   Checking 1 client(s): ['CHANEL INDIA BUSINESS SOLUTIONS P LTD']
2026-05-12 11:30:35,961 [INFO]   Fetched 37 KB
2026-05-12 11:30:36,309 [INFO]   Page size: 792×612  Words:373  H-lines:0  V-lines:0
2026-05-12 11:30:36,310 [INFO]   Match words for 'CHANEL INDIA BUSINESS SOLUTIONS P LTD': ['CHANEL', 'INDIA', 'BUSINESS', 'SOLUTIONS', 'LTD']
2026-05-12 11:30:36,311 [INFO] PDF has 1 page(s) — trying table extraction
2026-05-12 11:30:36,955 [INFO]   Page 1: 1 table(s) found
2026-05-12 11:30:36,956 [WARNING] Table extraction found nothing — trying word/X-position method
2026-05-12 11:30:37,622 [WARNING] Word method found nothing — falling back to plain-text line scan
2026-05-12 11:30:38,067 [INFO] Level 3 found 0 match(es)
2026-05-12 11:30:38,068 [INFO]   NOT FOUND in 08.05.2026 Special banch.pdf: ['CHANEL INDIA BUSINESS SOLUTIONS P LTD']
2026-05-12 11:30:38,068 [INFO]   No matches in: 08.05.2026 Special banch.pdf
2026-05-12 11:30:38,069 [INFO] 
Processing: Order dated 06.05.2026 regarding Constitution of Special Bench at NCLT Kochi Bench- For Pronouncement .pdf (Kochi Bench Court-I)
2026-05-12 11:30:38,069 [INFO]   Checking 6 client(s): ['MRS. ANITA RAHEJA', 'MR. SHIV RAHEJA', 'MR. DEEPAK RAHEJA', 'MR. ADITYA RAHEJA', 'MUMBAI WTR PRIVATE LIMITED', 'CHANEL INDIA BUSINESS SOLUTIONS P LTD']
2026-05-12 11:30:38,575 [INFO]   Fetched 556 KB
2026-05-12 11:30:38,579 [INFO]   Page size: 612×792  Words:0  H-lines:0  V-lines:0
2026-05-12 11:30:38,579 [INFO]   Match words for 'MRS. ANITA RAHEJA': ['ANITA', 'RAHEJA']
2026-05-12 11:30:38,580 [INFO]   Match words for 'MR. SHIV RAHEJA': ['SHIV', 'RAHEJA']
2026-05-12 11:30:38,580 [INFO]   Match words for 'MR. DEEPAK RAHEJA': ['DEEPAK', 'RAHEJA']
2026-05-12 11:30:38,580 [INFO]   Match words for 'MR. ADITYA RAHEJA': ['ADITYA', 'RAHEJA']
2026-05-12 11:30:38,580 [INFO]   Match words for 'MUMBAI WTR PRIVATE LIMITED': ['MUMBAI', 'WTR', 'PRIVATE', 'LIMITED']
2026-05-12 11:30:38,580 [INFO]   Match words for 'CHANEL INDIA BUSINESS SOLUTIONS P LTD': ['CHANEL', 'INDIA', 'BUSINESS', 'SOLUTIONS', 'LTD']
2026-05-12 11:30:38,585 [INFO] PDF has 2 page(s) — trying table extraction
2026-05-12 11:30:38,587 [INFO]   Page 1: 0 table(s) found
2026-05-12 11:30:38,588 [INFO]   Page 2: 0 table(s) found
2026-05-12 11:30:38,589 [WARNING] Table extraction found nothing — trying word/X-position method
2026-05-12 11:30:38,594 [WARNING] Word method found nothing — falling back to plain-text line scan
2026-05-12 11:30:38,602 [INFO] Level 3 found 0 match(es)
2026-05-12 11:30:38,602 [INFO]   NOT FOUND in Order dated 06.05.2026 regarding Constitution of Special Bench at NCLT Kochi Bench- For Pronouncement .pdf: ['MRS. ANITA RAHEJA', 'MR. SHIV RAHEJA', 'MR. DEEPAK RAHEJA', 'MR. ADITYA RAHEJA', 'MUMBAI WTR PRIVATE LIMITED', 'CHANEL INDIA BUSINESS SOLUTIONS P LTD']
2026-05-12 11:30:38,602 [INFO]   No matches in: Order dated 06.05.2026 regarding Constitution of Special Bench at NCLT Kochi Bench- For Pronouncement .pdf
2026-05-12 11:30:38,602 [INFO] 
Processing: court VI cause list 08.05.2026.pdf (Mumbai Bench Court-VI)
2026-05-12 11:30:38,603 [INFO]   Checking 3 client(s): ['OKI INDIA PRIVATE LIMITED', 'SHROFF TEXTILES LIMITED', 'KAMLESH CORPORATION']
2026-05-12 11:30:38,728 [INFO]   Fetched 114 KB
2026-05-12 11:30:39,135 [INFO]   Page size: 842×596  Words:240  H-lines:0  V-lines:0
2026-05-12 11:30:39,136 [INFO]   Match words for 'OKI INDIA PRIVATE LIMITED': ['OKI', 'INDIA', 'PRIVATE', 'LIMITED']
2026-05-12 11:30:39,136 [INFO]   Match words for 'SHROFF TEXTILES LIMITED': ['SHROFF', 'TEXTILES', 'LIMITED']
2026-05-12 11:30:39,137 [INFO]   Match words for 'KAMLESH CORPORATION': ['KAMLESH', 'CORPORATION']
2026-05-12 11:30:39,145 [INFO] PDF has 5 page(s) — trying table extraction
2026-05-12 11:30:39,579 [INFO]   Page 1: 1 table(s) found
2026-05-12 11:30:40,175 [INFO]   Page 2: 1 table(s) found
2026-05-12 11:30:40,670 [INFO]   Page 3: 1 table(s) found
2026-05-12 11:30:41,126 [INFO]   Page 4: 1 table(s) found
2026-05-12 11:30:41,226 [INFO]   Page 5: 1 table(s) found
2026-05-12 11:30:41,226 [WARNING] Table extraction found nothing — trying word/X-position method
2026-05-12 11:30:43,670 [WARNING] Word method found nothing — falling back to plain-text line scan
2026-05-12 11:30:45,382 [INFO] Level 3 found 0 match(es)
2026-05-12 11:30:45,382 [INFO]   NOT FOUND in court VI cause list 08.05.2026.pdf: ['OKI INDIA PRIVATE LIMITED', 'SHROFF TEXTILES LIMITED', 'KAMLESH CORPORATION']
2026-05-12 11:30:45,382 [INFO]   No matches in: court VI cause list 08.05.2026.pdf
2026-05-12 11:30:45,382 [INFO] 
Processing: 08-05-2026 Court-2.pdf (Ahmedabad Bench Court-II)
2026-05-12 11:30:45,382 [INFO]   No clients mapped to 'Ahmedabad Bench Court-II' — skipping
2026-05-12 11:30:45,383 [INFO] 
Processing: 08.05.2026 Cause List .pdf (New Delhi Bench Court-II)
2026-05-12 11:30:45,383 [INFO]   No clients mapped to 'New Delhi Bench Court-II' — skipping
2026-05-12 11:30:45,383 [INFO] 
Processing: C-III Cause list 08.05.2026.pdf (New Delhi Bench Court-III)
2026-05-12 11:30:45,383 [INFO]   No clients mapped to 'New Delhi Bench Court-III' — skipping
2026-05-12 11:30:45,383 [INFO] 
Processing: Causelist 08.05.2026.pdf (Guwahati Bench Court-I)
2026-05-12 11:30:45,383 [INFO]   Checking 6 client(s): ['MRS. ANITA RAHEJA', 'MR. SHIV RAHEJA', 'MR. DEEPAK RAHEJA', 'MR. ADITYA RAHEJA', 'MUMBAI WTR PRIVATE LIMITED', 'CHANEL INDIA BUSINESS SOLUTIONS P LTD']
2026-05-12 11:30:45,704 [INFO]   Fetched 117 KB
2026-05-12 11:30:45,861 [INFO]   Page size: 842×595  Words:228  H-lines:0  V-lines:0
2026-05-12 11:30:45,862 [INFO]   Match words for 'MRS. ANITA RAHEJA': ['ANITA', 'RAHEJA']
2026-05-12 11:30:45,863 [INFO]   Match words for 'MR. SHIV RAHEJA': ['SHIV', 'RAHEJA']
2026-05-12 11:30:45,863 [INFO]   Match words for 'MR. DEEPAK RAHEJA': ['DEEPAK', 'RAHEJA']
2026-05-12 11:30:45,863 [INFO]   Match words for 'MR. ADITYA RAHEJA': ['ADITYA', 'RAHEJA']
2026-05-12 11:30:45,863 [INFO]   Match words for 'MUMBAI WTR PRIVATE LIMITED': ['MUMBAI', 'WTR', 'PRIVATE', 'LIMITED']
2026-05-12 11:30:45,863 [INFO]   Match words for 'CHANEL INDIA BUSINESS SOLUTIONS P LTD': ['CHANEL', 'INDIA', 'BUSINESS', 'SOLUTIONS', 'LTD']
2026-05-12 11:30:45,873 [INFO] PDF has 4 page(s) — trying table extraction
2026-05-12 11:30:46,039 [INFO]   Page 1: 1 table(s) found
2026-05-12 11:30:46,316 [INFO]   Page 2: 1 table(s) found
2026-05-12 11:30:46,633 [INFO]   Page 3: 1 table(s) found
2026-05-12 11:30:46,872 [INFO]   Page 4: 1 table(s) found
2026-05-12 11:30:46,880 [WARNING] Table extraction found nothing — trying word/X-position method
2026-05-12 11:30:48,104 [WARNING] Word method found nothing — falling back to plain-text line scan
2026-05-12 11:30:49,093 [INFO] Level 3 found 0 match(es)
2026-05-12 11:30:49,094 [INFO]   NOT FOUND in Causelist 08.05.2026.pdf: ['MRS. ANITA RAHEJA', 'MR. SHIV RAHEJA', 'MR. DEEPAK RAHEJA', 'MR. ADITYA RAHEJA', 'MUMBAI WTR PRIVATE LIMITED', 'CHANEL INDIA BUSINESS SOLUTIONS P LTD']
2026-05-12 11:30:49,094 [INFO]   No matches in: Causelist 08.05.2026.pdf
2026-05-12 11:30:49,094 [INFO] 
Processing: Supple 08.05.2026 Court-1_20260507_0001.pdf (Chandigarh Bench Court-I)
2026-05-12 11:30:49,095 [INFO]   No clients mapped to 'Chandigarh Bench Court-I' — skipping
2026-05-12 11:30:49,095 [INFO] 
Processing: 08.05.2026 Court-1_20260507_0001.pdf (Chandigarh Bench Court-I)
2026-05-12 11:30:49,095 [INFO]   No clients mapped to 'Chandigarh Bench Court-I' — skipping
2026-05-12 11:30:49,095 [INFO] 
Processing: 08.05.2026 CAUSE LIST-IV LIST-IV.pdf (Mumbai Bench Court-IV)
2026-05-12 11:30:49,095 [INFO]   Checking 1 client(s): ['CALYX LENORA REALTY LLP']
2026-05-12 11:30:49,523 [INFO]   Fetched 276 KB
2026-05-12 11:30:49,915 [INFO]   Page size: 843×597  Words:222  H-lines:0  V-lines:0
2026-05-12 11:30:49,915 [INFO]   Match words for 'CALYX LENORA REALTY LLP': ['CALYX', 'LENORA', 'REALTY', 'LLP']
2026-05-12 11:30:49,941 [INFO] PDF has 13 page(s) — trying table extraction
2026-05-12 11:30:50,339 [INFO]   Page 1: 1 table(s) found
2026-05-12 11:30:51,000 [INFO]   Page 2: 1 table(s) found
2026-05-12 11:30:51,547 [INFO]   Page 3: 1 table(s) found
2026-05-12 11:30:51,944 [INFO]   Page 4: 1 table(s) found
2026-05-12 11:30:51,944 [INFO]   [TABLE] MATCH 'CALYX LENORA REALTY LLP' row 1
2026-05-12 11:30:52,446 [INFO]   Page 5: 1 table(s) found
2026-05-12 11:30:52,973 [INFO]   Page 6: 1 table(s) found
2026-05-12 11:30:53,383 [INFO]   Page 7: 1 table(s) found
2026-05-12 11:30:53,832 [INFO]   Page 8: 1 table(s) found
2026-05-12 11:30:54,379 [INFO]   Page 9: 1 table(s) found
2026-05-12 11:30:54,815 [INFO]   Page 10: 1 table(s) found
2026-05-12 11:30:55,209 [INFO]   Page 11: 1 table(s) found
2026-05-12 11:30:55,657 [INFO]   Page 12: 1 table(s) found
2026-05-12 11:30:55,743 [INFO]   Page 13: 0 table(s) found
2026-05-12 11:30:55,744 [INFO] Level 1 found 1 match(es)
2026-05-12 11:30:55,744 [INFO]   *** 1 MATCH(ES) ***
2026-05-12 11:30:55,744 [INFO] 
Processing: NCLT COURT - III MUMBAI BENCH CAUSE LIST ON 08.05.2026 Special Bench.pdf (Mumbai Bench Court-III)
2026-05-12 11:30:55,744 [INFO]   Checking 1 client(s): ['LOK HOUSING & CONSTRUCTIONS LTD']
2026-05-12 11:30:57,363 [INFO]   Fetched 730 KB
2026-05-12 11:30:57,677 [INFO]   Page size: 792×612  Words:316  H-lines:0  V-lines:0
2026-05-12 11:30:57,678 [INFO]   Match words for 'LOK HOUSING & CONSTRUCTIONS LTD': ['LOK', 'HOUSING', 'CONSTRUCTIONS', 'LTD']
2026-05-12 11:30:57,691 [INFO] PDF has 8 page(s) — trying table extraction
2026-05-12 11:30:57,991 [INFO]   Page 1: 1 table(s) found
2026-05-12 11:30:58,428 [INFO]   Page 2: 1 table(s) found
2026-05-12 11:30:58,800 [INFO]   Page 3: 1 table(s) found
2026-05-12 11:30:59,369 [INFO]   Page 4: 1 table(s) found
2026-05-12 11:30:59,981 [INFO]   Page 5: 1 table(s) found
2026-05-12 11:31:00,575 [INFO]   Page 6: 2 table(s) found
2026-05-12 11:31:01,487 [INFO]   Page 7: 1 table(s) found
2026-05-12 11:31:02,013 [INFO]   Page 8: 1 table(s) found
2026-05-12 11:31:02,015 [WARNING] Table extraction found nothing — trying word/X-position method
2026-05-12 11:31:07,122 [WARNING] Word method found nothing — falling back to plain-text line scan
2026-05-12 11:31:11,080 [INFO] Level 3 found 0 match(es)
2026-05-12 11:31:11,080 [INFO]   NOT FOUND in NCLT COURT - III MUMBAI BENCH CAUSE LIST ON 08.05.2026 Special Bench.pdf: ['LOK HOUSING & CONSTRUCTIONS LTD']
2026-05-12 11:31:11,080 [INFO]   No matches in: NCLT COURT - III MUMBAI BENCH CAUSE LIST ON 08.05.2026 Special Bench.pdf
2026-05-12 11:31:11,272 [INFO] ============================================================
2026-05-12 11:31:11,273 [INFO] FOUND:     ['CALYX LENORA REALTY LLP', 'MR. ADITYA RAHEJA']
2026-05-12 11:31:11,273 [INFO] NOT FOUND: ['MRS. ANITA RAHEJA', 'MR. SHIV RAHEJA', 'MR. DEEPAK RAHEJA', 'MUMBAI WTR PRIVATE LIMITED', 'ALKA RAJESH MIMANI', 'DEEPAK VIJAY BAGRA', 'BHARAT MEHTA', 'LOK HOUSING & CONSTRUCTIONS LTD', 'ESSEL INFRAPROJECTS LIMITED', 'ATUL S BHARANI', 'KASHYAP MEHTA', 'MR. ATUL TANSUKHLAL MEHTA', 'MR. HEMANT JITENDRARAI MEHTA', 'OKI INDIA PRIVATE LIMITED', 'SHROFF TEXTILES LIMITED', 'KAMLESH CORPORATION', 'CHANEL INDIA BUSINESS SOLUTIONS P LTD']
2026-05-12 11:31:11,273 [INFO] DONE — 2 match(es). Sending combined alert email …
2026-05-12 11:31:12,870 [INFO] Email sent → ['tejashree@apmh.in']
2026-05-12 11:31:12,870 [INFO] ============================================================
2026-05-12 11:31:31,244 [INFO] ============================================================
2026-05-12 11:31:31,244 [INFO] NCLT Automation starting
2026-05-12 11:31:31,244 [INFO] Search date: 08/05/2025
2026-05-12 11:31:31,245 [INFO] Clients: ['MRS. ANITA RAHEJA', 'MR. SHIV RAHEJA', 'MR. DEEPAK RAHEJA', 'MR. ADITYA RAHEJA', 'MUMBAI WTR PRIVATE LIMITED', 'ALKA RAJESH MIMANI', 'DEEPAK VIJAY BAGRA', 'BHARAT MEHTA', 'LOK HOUSING & CONSTRUCTIONS LTD', 'CALYX LENORA REALTY LLP', 'ESSEL INFRAPROJECTS LIMITED', 'ATUL S BHARANI', 'KASHYAP MEHTA', 'MR. ATUL TANSUKHLAL MEHTA', 'MR. HEMANT JITENDRARAI MEHTA', 'OKI INDIA PRIVATE LIMITED', 'SHROFF TEXTILES LIMITED', 'KAMLESH CORPORATION', 'CHANEL INDIA BUSINESS SOLUTIONS P LTD']
2026-05-12 11:31:31,245 [INFO] ============================================================
2026-05-12 11:31:34,198 [INFO] Opening NCLT cause list page (attempt 1)…
2026-05-12 11:31:41,076 [INFO] Selecting 08/05/2025 in #edit-field-cause-date-value
2026-05-12 11:31:42,340 [INFO] Calendar header: 'May 2026'
2026-05-12 11:31:42,967 [INFO] Calendar header: 'April 2026'
2026-05-12 11:31:43,548 [INFO] Calendar header: 'March 2026'
2026-05-12 11:31:44,134 [INFO] Calendar header: 'February 2026'
2026-05-12 11:31:44,767 [INFO] Calendar header: 'January 2026'
2026-05-12 11:31:45,342 [INFO] Calendar header: 'December 2025'
2026-05-12 11:31:45,954 [INFO] Calendar header: 'November 2025'
2026-05-12 11:31:46,545 [INFO] Calendar header: 'October 2025'
2026-05-12 11:31:47,134 [INFO] Calendar header: 'September 2025'
2026-05-12 11:31:47,752 [INFO] Calendar header: 'August 2025'
2026-05-12 11:31:48,361 [INFO] Calendar header: 'July 2025'
2026-05-12 11:31:48,956 [INFO] Calendar header: 'June 2025'
2026-05-12 11:31:49,527 [INFO] Calendar header: 'May 2025'
2026-05-12 11:31:49,704 [INFO] Clicked day 8
2026-05-12 11:31:50,219 [INFO] Selecting 08/05/2025 in #edit-field-cause-date-value-1
2026-05-12 11:31:51,306 [INFO] Calendar header: 'May 2026'
2026-05-12 11:31:51,898 [INFO] Calendar header: 'April 2026'
2026-05-12 11:31:52,471 [INFO] Calendar header: 'March 2026'
2026-05-12 11:31:53,078 [INFO] Calendar header: 'February 2026'
2026-05-12 11:31:53,675 [INFO] Calendar header: 'January 2026'
2026-05-12 11:31:54,293 [INFO] Calendar header: 'December 2025'
2026-05-12 11:31:54,876 [INFO] Calendar header: 'November 2025'
2026-05-12 11:31:55,461 [INFO] Calendar header: 'October 2025'
2026-05-12 11:31:56,074 [INFO] Calendar header: 'September 2025'
2026-05-12 11:31:56,658 [INFO] Calendar header: 'August 2025'
2026-05-12 11:31:57,252 [INFO] Calendar header: 'July 2025'
2026-05-12 11:31:57,829 [INFO] Calendar header: 'June 2025'
2026-05-12 11:31:58,387 [INFO] Calendar header: 'May 2025'
2026-05-12 11:31:58,536 [INFO] Clicked day 8
2026-05-12 11:31:59,044 [INFO] Solving CAPTCHA …
2026-05-12 11:32:00,069 [INFO] CAPTCHA solved: 7 + 12 = 19
2026-05-12 11:32:00,115 [INFO] CAPTCHA answer: 19
2026-05-12 11:32:00,624 [INFO] Clicking Search …
2026-05-12 11:32:03,971 [INFO] Clicked search via #edit-submit-all-couse-list
2026-05-12 11:32:09,828 [INFO] Results URL: https://nclt.gov.in/all-couse-list?field_nclt_benches_list_target_id=All&field_cause_date_value=05%2F08%2F2025&field_cause_date_value_1=05%2F08%2F2025&captcha_sid=27400220&captcha_token=cjWTrF-G52xCsZXUXdpYTy8e-UogKP-tGIPsbp7zYQY&captcha_response=19
2026-05-12 11:32:09,892 [INFO] Cities we need PDFs for: {'bengaluru', 'bombay', 'bangalore', 'mumbai'}
2026-05-12 11:32:09,892 [INFO] Scraping results page 1 …
2026-05-12 11:32:09,934 [INFO]   Result rows on this page: 21
2026-05-12 11:32:10,040 [INFO]     PDF: 09.05.2025 CAUSE LIST C- II.pdf | Mumbai Bench Court-II | 08/05/2025
2026-05-12 11:32:10,142 [INFO]     PDF: B-II_ Additional Cause List Dated 08.05.2025.pdf | Kolkata Bench Court II | 08/05/2025
2026-05-12 11:32:10,226 [INFO]     PDF: 08.05.2025 CAUSE LIST C- II SPECIAL BENCH.pdf | Mumbai Bench Court-II | 08/05/2025
2026-05-12 11:32:10,301 [INFO]     PDF: causelist special bench dated 08.05.2025.pdf | Mumbai Bench Court-VI | 08/05/2025
2026-05-12 11:32:10,393 [INFO]     PDF: 08.05.2025 Supple.pdf | Chandigarh Bench Court-II | 08/05/2025
2026-05-12 11:32:10,480 [INFO]     PDF: 08-05-2025 Final IND Cause List-F.pdf | Indore Bench Court-I | 08/05/2025
2026-05-12 11:32:10,541 [INFO]     PDF: Causelist 08.05.2025_0.pdf | Chennai Bench Court-II | 08/05/2025
2026-05-12 11:32:10,604 [INFO]     PDF: Order dated 7.5.2025-NCLT Kolkata Bench Court no. I.pdf | Kolkata Bench Court-I | 08/05/2025
2026-05-12 11:32:10,670 [INFO]     PDF: 08-05-2025 Court-2.pdf | Ahmedabad Bench Court-II | 08/05/2025
2026-05-12 11:32:10,762 [INFO]     PDF: 08-05-2025 Court1.pdf | Ahmedabad Bench Court-I | 08/05/2025
2026-05-12 11:32:10,846 [INFO]     PDF: 08.05.2025 Cause list Court 1 NCLT Hyderabad.pdf | Hyderabad Bench Court-I | 08/05/2025
2026-05-12 11:32:10,909 [INFO]     PDF: causelist 08.05.2025.pdf | Chennai Bench Court-I | 08/05/2025
2026-05-12 11:32:10,998 [INFO]     PDF: Final Cause list court-II 08.05.2025.pdf | Hyderabad Bench Court-II | 08/05/2025
2026-05-12 11:32:11,082 [INFO]     PDF: causelist dated 08.05.2025.pdf | Mumbai Bench Court-VI | 08/05/2025
2026-05-12 11:32:11,143 [INFO]     PDF: Supple 08.05.2025 Court 1_20250507_0002.pdf | Chandigarh Bench Court-I | 08/05/2025
2026-05-12 11:32:11,202 [INFO]     PDF: New Cause List PB 08.05.2025.pdf | Principal Bench Court-I | 08/05/2025
2026-05-12 11:32:11,273 [INFO]     PDF: DAILY CAUSE LIST - 08.05.2025.pdf | Kochi Bench Court-I | 08/05/2025
2026-05-12 11:32:11,361 [INFO]     PDF: Amaravati Bench Cause list - 08.05.2025.pdf | Amaravati Bench Court-I | 08/05/2025
2026-05-12 11:32:11,437 [INFO]     PDF: 08.05.2025 CAUSE LIST C- II.pdf | Mumbai Bench Court-II | 08/05/2025
2026-05-12 11:32:11,497 [INFO]     PDF: Cause List 08.05.2025 COURT 5-MUMBAI BENCH.pdf | Mumbai Bench Court-V | 08/05/2025
2026-05-12 11:32:11,506 [INFO] Navigating to results page 2 …
2026-05-12 11:32:20,841 [INFO]   Result rows on this page: 17
2026-05-12 11:32:20,936 [INFO]     PDF: Cause List 08.05.2025.pdf | New Delhi Bench Court-VI | 08/05/2025
2026-05-12 11:32:21,009 [INFO]     PDF: NCLT COURT - III MUMBAI BENCH CAUSE LIST ON 08.05.2025.pdf | Mumbai Bench Court-III | 08/05/2025
2026-05-12 11:32:21,079 [INFO]     PDF: Causelist _08.05.2025.pdf | Jaipur Bench Court-I | 08/05/2025
2026-05-12 11:32:21,146 [INFO]     PDF: 08.05.2025 List.pdf | New Delhi Bench Court-II | 08/05/2025
2026-05-12 11:32:21,214 [INFO]     PDF: C-IV Final Cause List 08.05.2025.pdf | New Delhi Bench Court-IV | 08/05/2025
2026-05-12 11:32:21,285 [INFO]     PDF: Cause-List Court-V 08.05.2025.pdf | New Delhi Bench Court-V | 08/05/2025
2026-05-12 11:32:21,351 [INFO]     PDF: Single Bench C-IV Final Cause List 08.05.2025_0.pdf | New Delhi Bench Court-IV | 08/05/2025
2026-05-12 11:32:21,431 [INFO]     PDF: C-III Cause list 08.05.2025.pdf | New Delhi Bench Court-III | 08/05/2025
2026-05-12 11:32:21,503 [INFO]     PDF: Cause List Allahabad Special Bench 08.05.2025.pdf | Allahabad Bench Court-I | 08/05/2025
2026-05-12 11:32:21,575 [INFO]     PDF: B-II_Cause List Dated 08.05.2025.pdf | Kolkata Bench Court II | 08/05/2025
2026-05-12 11:32:21,640 [INFO]     PDF: 08.05.2025 CAUSE LIST-IV.pdf | Mumbai Bench Court-IV | 08/05/2025
2026-05-12 11:32:21,717 [INFO]     PDF: 08.05.2025 Special Bench Causelist Mumbai Court-I.pdf | Mumbai Bench Court-I | 08/05/2025
2026-05-12 11:32:21,786 [INFO]     PDF: 08.05.2025 Court 2 with Notice.pdf | Chandigarh Bench Court-II | 08/05/2025
2026-05-12 11:32:21,856 [INFO]     PDF: Daily CauseList dated 08.05.2025.pdf | Cuttack Bench Court-I | 08/05/2025
2026-05-12 11:32:21,927 [INFO]     PDF: Causelist 08.05.2025.pdf | Guwahati Bench Court-I | 08/05/2025
2026-05-12 11:32:21,999 [INFO]     PDF: 08.05.2025 with Office Order.pdf | Chandigarh Bench Court-I | 08/05/2025
2026-05-12 11:32:22,031 [INFO] No more pagination pages found after page 2.
2026-05-12 11:32:22,032 [INFO] Total PDFs found across 2 result page(s): 36
2026-05-12 11:32:22,032 [INFO] 
Processing: 09.05.2025 CAUSE LIST C- II.pdf (Mumbai Bench Court-II)
2026-05-12 11:32:22,032 [INFO]   Checking 3 client(s): ['ALKA RAJESH MIMANI', 'DEEPAK VIJAY BAGRA', 'BHARAT MEHTA']
2026-05-12 11:32:24,475 [INFO]   Fetched 731 KB
2026-05-12 11:32:24,768 [INFO]   Page size: 792×612  Words:270  H-lines:0  V-lines:0
2026-05-12 11:32:24,769 [INFO]   Match words for 'ALKA RAJESH MIMANI': ['ALKA', 'RAJESH', 'MIMANI']
2026-05-12 11:32:24,769 [INFO]   Match words for 'DEEPAK VIJAY BAGRA': ['DEEPAK', 'VIJAY', 'BAGRA']
2026-05-12 11:32:24,769 [INFO]   Match words for 'BHARAT MEHTA': ['BHARAT', 'MEHTA']
2026-05-12 11:32:24,776 [INFO] PDF has 7 page(s) — trying table extraction
2026-05-12 11:32:25,028 [INFO]   Page 1: 1 table(s) found
2026-05-12 11:32:25,582 [INFO]   Page 2: 1 table(s) found
2026-05-12 11:32:26,082 [INFO]   Page 3: 1 table(s) found
2026-05-12 11:32:26,388 [INFO]   Page 4: 1 table(s) found
2026-05-12 11:32:26,679 [INFO]   Page 5: 1 table(s) found
2026-05-12 11:32:27,040 [INFO]   Page 6: 1 table(s) found
2026-05-12 11:32:27,241 [INFO]   Page 7: 1 table(s) found
2026-05-12 11:32:27,242 [WARNING] Table extraction found nothing — trying word/X-position method
2026-05-12 11:32:30,102 [WARNING] Word method found nothing — falling back to plain-text line scan
2026-05-12 11:32:32,018 [INFO] Level 3 found 0 match(es)
2026-05-12 11:32:32,018 [INFO]   NOT FOUND in 09.05.2025 CAUSE LIST C- II.pdf: ['ALKA RAJESH MIMANI', 'DEEPAK VIJAY BAGRA', 'BHARAT MEHTA']
2026-05-12 11:32:32,019 [INFO]   No matches in: 09.05.2025 CAUSE LIST C- II.pdf
2026-05-12 11:32:32,019 [INFO] 
Processing: B-II_ Additional Cause List Dated 08.05.2025.pdf (Kolkata Bench Court II)
2026-05-12 11:32:32,019 [INFO]   No clients mapped to 'Kolkata Bench Court II' — skipping
2026-05-12 11:32:32,019 [INFO] 
Processing: 08.05.2025 CAUSE LIST C- II SPECIAL BENCH.pdf (Mumbai Bench Court-II)
2026-05-12 11:32:32,019 [INFO]   Checking 3 client(s): ['ALKA RAJESH MIMANI', 'DEEPAK VIJAY BAGRA', 'BHARAT MEHTA']
2026-05-12 11:32:33,793 [INFO]   Fetched 657 KB
2026-05-12 11:32:34,166 [INFO]   Page size: 792×612  Words:270  H-lines:0  V-lines:0
2026-05-12 11:32:34,167 [INFO]   Match words for 'ALKA RAJESH MIMANI': ['ALKA', 'RAJESH', 'MIMANI']
2026-05-12 11:32:34,167 [INFO]   Match words for 'DEEPAK VIJAY BAGRA': ['DEEPAK', 'VIJAY', 'BAGRA']
2026-05-12 11:32:34,167 [INFO]   Match words for 'BHARAT MEHTA': ['BHARAT', 'MEHTA']
2026-05-12 11:32:34,170 [INFO] PDF has 2 page(s) — trying table extraction
2026-05-12 11:32:34,432 [INFO]   Page 1: 1 table(s) found
2026-05-12 11:32:34,779 [INFO]   Page 2: 1 table(s) found
2026-05-12 11:32:34,781 [WARNING] Table extraction found nothing — trying word/X-position method
2026-05-12 11:32:35,390 [WARNING] Word method found nothing — falling back to plain-text line scan
2026-05-12 11:32:35,920 [INFO] Level 3 found 0 match(es)
2026-05-12 11:32:35,921 [INFO]   NOT FOUND in 08.05.2025 CAUSE LIST C- II SPECIAL BENCH.pdf: ['ALKA RAJESH MIMANI', 'DEEPAK VIJAY BAGRA', 'BHARAT MEHTA']
2026-05-12 11:32:35,921 [INFO]   No matches in: 08.05.2025 CAUSE LIST C- II SPECIAL BENCH.pdf
2026-05-12 11:32:35,921 [INFO] 
Processing: causelist special bench dated 08.05.2025.pdf (Mumbai Bench Court-VI)
2026-05-12 11:32:35,921 [INFO]   Checking 3 client(s): ['OKI INDIA PRIVATE LIMITED', 'SHROFF TEXTILES LIMITED', 'KAMLESH CORPORATION']
2026-05-12 11:32:36,496 [INFO]   Fetched 431 KB
2026-05-12 11:32:36,664 [INFO]   Page size: 792×612  Words:220  H-lines:0  V-lines:0
2026-05-12 11:32:36,665 [INFO]   Match words for 'OKI INDIA PRIVATE LIMITED': ['OKI', 'INDIA', 'PRIVATE', 'LIMITED']
2026-05-12 11:32:36,665 [INFO]   Match words for 'SHROFF TEXTILES LIMITED': ['SHROFF', 'TEXTILES', 'LIMITED']
2026-05-12 11:32:36,665 [INFO]   Match words for 'KAMLESH CORPORATION': ['KAMLESH', 'CORPORATION']
2026-05-12 11:32:36,668 [INFO] PDF has 3 page(s) — trying table extraction
2026-05-12 11:32:36,831 [INFO]   Page 1: 1 table(s) found
2026-05-12 11:32:37,062 [INFO]   Page 2: 1 table(s) found
2026-05-12 11:32:37,137 [INFO]   Page 3: 1 table(s) found
2026-05-12 11:32:37,137 [WARNING] Table extraction found nothing — trying word/X-position method
2026-05-12 11:32:37,645 [WARNING] Word method found nothing — falling back to plain-text line scan
2026-05-12 11:32:38,066 [INFO] Level 3 found 0 match(es)
2026-05-12 11:32:38,066 [INFO]   NOT FOUND in causelist special bench dated 08.05.2025.pdf: ['OKI INDIA PRIVATE LIMITED', 'SHROFF TEXTILES LIMITED', 'KAMLESH CORPORATION']
2026-05-12 11:32:38,066 [INFO]   No matches in: causelist special bench dated 08.05.2025.pdf
2026-05-12 11:32:38,066 [INFO] 
Processing: 08.05.2025 Supple.pdf (Chandigarh Bench Court-II)
2026-05-12 11:32:38,066 [INFO]   No clients mapped to 'Chandigarh Bench Court-II' — skipping
2026-05-12 11:32:38,066 [INFO] 
Processing: 08-05-2025 Final IND Cause List-F.pdf (Indore Bench Court-I)
2026-05-12 11:32:38,066 [INFO]   Checking 6 client(s): ['MRS. ANITA RAHEJA', 'MR. SHIV RAHEJA', 'MR. DEEPAK RAHEJA', 'MR. ADITYA RAHEJA', 'MUMBAI WTR PRIVATE LIMITED', 'CHANEL INDIA BUSINESS SOLUTIONS P LTD']
2026-05-12 11:32:38,287 [INFO]   Fetched 103 KB
2026-05-12 11:32:38,521 [INFO]   Page size: 792×612  Words:227  H-lines:0  V-lines:0
2026-05-12 11:32:38,521 [INFO]   Match words for 'MRS. ANITA RAHEJA': ['ANITA', 'RAHEJA']
2026-05-12 11:32:38,522 [INFO]   Match words for 'MR. SHIV RAHEJA': ['SHIV', 'RAHEJA']
2026-05-12 11:32:38,522 [INFO]   Match words for 'MR. DEEPAK RAHEJA': ['DEEPAK', 'RAHEJA']
2026-05-12 11:32:38,522 [INFO]   Match words for 'MR. ADITYA RAHEJA': ['ADITYA', 'RAHEJA']
2026-05-12 11:32:38,522 [INFO]   Match words for 'MUMBAI WTR PRIVATE LIMITED': ['MUMBAI', 'WTR', 'PRIVATE', 'LIMITED']
2026-05-12 11:32:38,522 [INFO]   Match words for 'CHANEL INDIA BUSINESS SOLUTIONS P LTD': ['CHANEL', 'INDIA', 'BUSINESS', 'SOLUTIONS', 'LTD']
2026-05-12 11:32:38,528 [INFO] PDF has 9 page(s) — trying table extraction
2026-05-12 11:32:38,638 [INFO]   Page 1: 1 table(s) found
2026-05-12 11:32:38,856 [INFO]   Page 2: 1 table(s) found
2026-05-12 11:32:39,089 [INFO]   Page 3: 1 table(s) found
2026-05-12 11:32:39,311 [INFO]   Page 4: 1 table(s) found
2026-05-12 11:32:39,566 [INFO]   Page 5: 1 table(s) found
2026-05-12 11:32:39,761 [INFO]   Page 6: 1 table(s) found
2026-05-12 11:32:39,970 [INFO]   Page 7: 1 table(s) found
2026-05-12 11:32:40,190 [INFO]   Page 8: 1 table(s) found
2026-05-12 11:32:40,351 [INFO]   Page 9: 1 table(s) found
2026-05-12 11:32:40,352 [WARNING] Table extraction found nothing — trying word/X-position method
2026-05-12 11:32:43,300 [WARNING] Word method found nothing — falling back to plain-text line scan
2026-05-12 11:32:45,015 [INFO] Level 3 found 0 match(es)
2026-05-12 11:32:45,015 [INFO]   NOT FOUND in 08-05-2025 Final IND Cause List-F.pdf: ['MRS. ANITA RAHEJA', 'MR. SHIV RAHEJA', 'MR. DEEPAK RAHEJA', 'MR. ADITYA RAHEJA', 'MUMBAI WTR PRIVATE LIMITED', 'CHANEL INDIA BUSINESS SOLUTIONS P LTD']
2026-05-12 11:32:45,015 [INFO]   No matches in: 08-05-2025 Final IND Cause List-F.pdf
2026-05-12 11:32:45,015 [INFO] 
Processing: Causelist 08.05.2025_0.pdf (Chennai Bench Court-II)
2026-05-12 11:32:45,015 [INFO]   No clients mapped to 'Chennai Bench Court-II' — skipping
2026-05-12 11:32:45,015 [INFO] 
Processing: Order dated 7.5.2025-NCLT Kolkata Bench Court no. I.pdf (Kolkata Bench Court-I)
2026-05-12 11:32:45,015 [INFO]   No clients mapped to 'Kolkata Bench Court-I' — skipping
2026-05-12 11:32:45,016 [INFO] 
Processing: 08-05-2025 Court-2.pdf (Ahmedabad Bench Court-II)
2026-05-12 11:32:45,016 [INFO]   No clients mapped to 'Ahmedabad Bench Court-II' — skipping
2026-05-12 11:32:45,016 [INFO] 
Processing: 08-05-2025 Court1.pdf (Ahmedabad Bench Court-I)
2026-05-12 11:32:45,016 [INFO]   No clients mapped to 'Ahmedabad Bench Court-I' — skipping
2026-05-12 11:32:45,016 [INFO] 
Processing: 08.05.2025 Cause list Court 1 NCLT Hyderabad.pdf (Hyderabad Bench Court-I)
2026-05-12 11:32:45,016 [INFO]   No clients mapped to 'Hyderabad Bench Court-I' — skipping
2026-05-12 11:32:45,017 [INFO] 
Processing: causelist 08.05.2025.pdf (Chennai Bench Court-I)
2026-05-12 11:32:45,017 [INFO]   No clients mapped to 'Chennai Bench Court-I' — skipping
2026-05-12 11:32:45,017 [INFO] 
Processing: Final Cause list court-II 08.05.2025.pdf (Hyderabad Bench Court-II)
2026-05-12 11:32:45,017 [INFO]   No clients mapped to 'Hyderabad Bench Court-II' — skipping
2026-05-12 11:32:45,017 [INFO] 
Processing: causelist dated 08.05.2025.pdf (Mumbai Bench Court-VI)
2026-05-12 11:32:45,017 [INFO]   Checking 3 client(s): ['OKI INDIA PRIVATE LIMITED', 'SHROFF TEXTILES LIMITED', 'KAMLESH CORPORATION']
2026-05-12 11:32:45,851 [INFO]   Fetched 438 KB
2026-05-12 11:32:46,016 [INFO]   Page size: 792×612  Words:218  H-lines:0  V-lines:0
2026-05-12 11:32:46,016 [INFO]   Match words for 'OKI INDIA PRIVATE LIMITED': ['OKI', 'INDIA', 'PRIVATE', 'LIMITED']
2026-05-12 11:32:46,017 [INFO]   Match words for 'SHROFF TEXTILES LIMITED': ['SHROFF', 'TEXTILES', 'LIMITED']
2026-05-12 11:32:46,017 [INFO]   Match words for 'KAMLESH CORPORATION': ['KAMLESH', 'CORPORATION']
2026-05-12 11:32:46,023 [INFO] PDF has 4 page(s) — trying table extraction
2026-05-12 11:32:46,183 [INFO]   Page 1: 1 table(s) found
2026-05-12 11:32:46,390 [INFO]   Page 2: 1 table(s) found
2026-05-12 11:32:46,661 [INFO]   Page 3: 1 table(s) found
2026-05-12 11:32:46,847 [INFO]   Page 4: 1 table(s) found
2026-05-12 11:32:46,847 [WARNING] Table extraction found nothing — trying word/X-position method
2026-05-12 11:32:47,927 [WARNING] Word method found nothing — falling back to plain-text line scan
2026-05-12 11:32:48,692 [INFO] Level 3 found 0 match(es)
2026-05-12 11:32:48,692 [INFO]   NOT FOUND in causelist dated 08.05.2025.pdf: ['OKI INDIA PRIVATE LIMITED', 'SHROFF TEXTILES LIMITED', 'KAMLESH CORPORATION']
2026-05-12 11:32:48,692 [INFO]   No matches in: causelist dated 08.05.2025.pdf
2026-05-12 11:32:48,692 [INFO] 
Processing: Supple 08.05.2025 Court 1_20250507_0002.pdf (Chandigarh Bench Court-I)
2026-05-12 11:32:48,692 [INFO]   No clients mapped to 'Chandigarh Bench Court-I' — skipping
2026-05-12 11:32:48,692 [INFO] 
Processing: New Cause List PB 08.05.2025.pdf (Principal Bench Court-I)
2026-05-12 11:32:48,693 [INFO]   Checking 6 client(s): ['MRS. ANITA RAHEJA', 'MR. SHIV RAHEJA', 'MR. DEEPAK RAHEJA', 'MR. ADITYA RAHEJA', 'MUMBAI WTR PRIVATE LIMITED', 'CHANEL INDIA BUSINESS SOLUTIONS P LTD']
2026-05-12 11:32:48,946 [INFO]   Fetched 196 KB
2026-05-12 11:32:49,062 [INFO]   Page size: 792×612  Words:226  H-lines:0  V-lines:0
2026-05-12 11:32:49,062 [INFO]   Match words for 'MRS. ANITA RAHEJA': ['ANITA', 'RAHEJA']
2026-05-12 11:32:49,062 [INFO]   Match words for 'MR. SHIV RAHEJA': ['SHIV', 'RAHEJA']
2026-05-12 11:32:49,062 [INFO]   Match words for 'MR. DEEPAK RAHEJA': ['DEEPAK', 'RAHEJA']
2026-05-12 11:32:49,062 [INFO]   Match words for 'MR. ADITYA RAHEJA': ['ADITYA', 'RAHEJA']
2026-05-12 11:32:49,062 [INFO]   Match words for 'MUMBAI WTR PRIVATE LIMITED': ['MUMBAI', 'WTR', 'PRIVATE', 'LIMITED']
2026-05-12 11:32:49,062 [INFO]   Match words for 'CHANEL INDIA BUSINESS SOLUTIONS P LTD': ['CHANEL', 'INDIA', 'BUSINESS', 'SOLUTIONS', 'LTD']
2026-05-12 11:32:49,069 [INFO] PDF has 7 page(s) — trying table extraction
2026-05-12 11:32:49,179 [INFO]   Page 1: 2 table(s) found
2026-05-12 11:32:49,421 [INFO]   Page 2: 1 table(s) found
2026-05-12 11:32:49,688 [INFO]   Page 3: 1 table(s) found
2026-05-12 11:32:49,932 [INFO]   Page 4: 1 table(s) found
2026-05-12 11:32:50,332 [INFO]   Page 5: 1 table(s) found
2026-05-12 11:32:50,714 [INFO]   Page 6: 1 table(s) found
2026-05-12 11:32:51,007 [INFO]   Page 7: 1 table(s) found
2026-05-12 11:32:51,008 [WARNING] Table extraction found nothing — trying word/X-position method
2026-05-12 11:32:53,108 [WARNING] Word method found nothing — falling back to plain-text line scan
2026-05-12 11:32:54,701 [INFO] Level 3 found 0 match(es)
2026-05-12 11:32:54,702 [INFO]   NOT FOUND in New Cause List PB 08.05.2025.pdf: ['MRS. ANITA RAHEJA', 'MR. SHIV RAHEJA', 'MR. DEEPAK RAHEJA', 'MR. ADITYA RAHEJA', 'MUMBAI WTR PRIVATE LIMITED', 'CHANEL INDIA BUSINESS SOLUTIONS P LTD']
2026-05-12 11:32:54,702 [INFO]   No matches in: New Cause List PB 08.05.2025.pdf
2026-05-12 11:32:54,702 [INFO] 
Processing: DAILY CAUSE LIST - 08.05.2025.pdf (Kochi Bench Court-I)
2026-05-12 11:32:54,702 [INFO]   Checking 6 client(s): ['MRS. ANITA RAHEJA', 'MR. SHIV RAHEJA', 'MR. DEEPAK RAHEJA', 'MR. ADITYA RAHEJA', 'MUMBAI WTR PRIVATE LIMITED', 'CHANEL INDIA BUSINESS SOLUTIONS P LTD']
2026-05-12 11:32:56,873 [INFO]   Fetched 1161 KB
2026-05-12 11:32:57,079 [INFO]   Page size: 792×612  Words:226  H-lines:4  V-lines:3
2026-05-12 11:32:57,079 [INFO]   Match words for 'MRS. ANITA RAHEJA': ['ANITA', 'RAHEJA']
2026-05-12 11:32:57,079 [INFO]   Match words for 'MR. SHIV RAHEJA': ['SHIV', 'RAHEJA']
2026-05-12 11:32:57,079 [INFO]   Match words for 'MR. DEEPAK RAHEJA': ['DEEPAK', 'RAHEJA']
2026-05-12 11:32:57,079 [INFO]   Match words for 'MR. ADITYA RAHEJA': ['ADITYA', 'RAHEJA']
2026-05-12 11:32:57,079 [INFO]   Match words for 'MUMBAI WTR PRIVATE LIMITED': ['MUMBAI', 'WTR', 'PRIVATE', 'LIMITED']
2026-05-12 11:32:57,079 [INFO]   Match words for 'CHANEL INDIA BUSINESS SOLUTIONS P LTD': ['CHANEL', 'INDIA', 'BUSINESS', 'SOLUTIONS', 'LTD']
2026-05-12 11:32:57,084 [INFO] PDF has 5 page(s) — trying table extraction
2026-05-12 11:32:57,305 [INFO]   Page 1: 1 table(s) found
2026-05-12 11:32:57,682 [INFO]   Page 2: 1 table(s) found
2026-05-12 11:32:58,064 [INFO]   Page 3: 1 table(s) found
2026-05-12 11:32:58,509 [INFO]   Page 4: 1 table(s) found
2026-05-12 11:32:59,041 [INFO]   Page 5: 1 table(s) found
2026-05-12 11:32:59,042 [WARNING] Table extraction found nothing — trying word/X-position method
2026-05-12 11:33:01,049 [WARNING] Word method found nothing — falling back to plain-text line scan
2026-05-12 11:33:02,933 [INFO] Level 3 found 0 match(es)
2026-05-12 11:33:02,933 [INFO]   NOT FOUND in DAILY CAUSE LIST - 08.05.2025.pdf: ['MRS. ANITA RAHEJA', 'MR. SHIV RAHEJA', 'MR. DEEPAK RAHEJA', 'MR. ADITYA RAHEJA', 'MUMBAI WTR PRIVATE LIMITED', 'CHANEL INDIA BUSINESS SOLUTIONS P LTD']
2026-05-12 11:33:02,933 [INFO]   No matches in: DAILY CAUSE LIST - 08.05.2025.pdf
2026-05-12 11:33:02,933 [INFO] 
Processing: Amaravati Bench Cause list - 08.05.2025.pdf (Amaravati Bench Court-I)
2026-05-12 11:33:02,933 [INFO]   Checking 6 client(s): ['MRS. ANITA RAHEJA', 'MR. SHIV RAHEJA', 'MR. DEEPAK RAHEJA', 'MR. ADITYA RAHEJA', 'MUMBAI WTR PRIVATE LIMITED', 'CHANEL INDIA BUSINESS SOLUTIONS P LTD']
2026-05-12 11:33:03,645 [INFO]   Fetched 421 KB
2026-05-12 11:33:03,729 [INFO]   Page size: 1008×612  Words:224  H-lines:0  V-lines:0
2026-05-12 11:33:03,729 [INFO]   Match words for 'MRS. ANITA RAHEJA': ['ANITA', 'RAHEJA']
2026-05-12 11:33:03,729 [INFO]   Match words for 'MR. SHIV RAHEJA': ['SHIV', 'RAHEJA']
2026-05-12 11:33:03,729 [INFO]   Match words for 'MR. DEEPAK RAHEJA': ['DEEPAK', 'RAHEJA']
2026-05-12 11:33:03,729 [INFO]   Match words for 'MR. ADITYA RAHEJA': ['ADITYA', 'RAHEJA']
2026-05-12 11:33:03,730 [INFO]   Match words for 'MUMBAI WTR PRIVATE LIMITED': ['MUMBAI', 'WTR', 'PRIVATE', 'LIMITED']
2026-05-12 11:33:03,730 [INFO]   Match words for 'CHANEL INDIA BUSINESS SOLUTIONS P LTD': ['CHANEL', 'INDIA', 'BUSINESS', 'SOLUTIONS', 'LTD']
2026-05-12 11:33:03,738 [INFO] PDF has 5 page(s) — trying table extraction
2026-05-12 11:33:03,832 [INFO]   Page 1: 2 table(s) found
2026-05-12 11:33:04,124 [INFO]   Page 2: 1 table(s) found
2026-05-12 11:33:04,348 [INFO]   Page 3: 1 table(s) found
2026-05-12 11:33:04,566 [INFO]   Page 4: 1 table(s) found
2026-05-12 11:33:04,791 [INFO]   Page 5: 1 table(s) found
2026-05-12 11:33:04,792 [WARNING] Table extraction found nothing — trying word/X-position method
2026-05-12 11:33:06,004 [WARNING] Word method found nothing — falling back to plain-text line scan
2026-05-12 11:33:06,869 [INFO] Level 3 found 0 match(es)
2026-05-12 11:33:06,870 [INFO]   NOT FOUND in Amaravati Bench Cause list - 08.05.2025.pdf: ['MRS. ANITA RAHEJA', 'MR. SHIV RAHEJA', 'MR. DEEPAK RAHEJA', 'MR. ADITYA RAHEJA', 'MUMBAI WTR PRIVATE LIMITED', 'CHANEL INDIA BUSINESS SOLUTIONS P LTD']
2026-05-12 11:33:06,870 [INFO]   No matches in: Amaravati Bench Cause list - 08.05.2025.pdf
2026-05-12 11:33:06,870 [INFO] 
Processing: 08.05.2025 CAUSE LIST C- II.pdf (Mumbai Bench Court-II)
2026-05-12 11:33:06,870 [INFO]   Checking 3 client(s): ['ALKA RAJESH MIMANI', 'DEEPAK VIJAY BAGRA', 'BHARAT MEHTA']
2026-05-12 11:33:07,548 [INFO]   Fetched 739 KB
2026-05-12 11:33:07,822 [INFO]   Page size: 792×612  Words:270  H-lines:0  V-lines:0
2026-05-12 11:33:07,822 [INFO]   Match words for 'ALKA RAJESH MIMANI': ['ALKA', 'RAJESH', 'MIMANI']
2026-05-12 11:33:07,822 [INFO]   Match words for 'DEEPAK VIJAY BAGRA': ['DEEPAK', 'VIJAY', 'BAGRA']
2026-05-12 11:33:07,822 [INFO]   Match words for 'BHARAT MEHTA': ['BHARAT', 'MEHTA']
2026-05-12 11:33:07,829 [INFO] PDF has 8 page(s) — trying table extraction
2026-05-12 11:33:08,088 [INFO]   Page 1: 1 table(s) found
2026-05-12 11:33:08,537 [INFO]   Page 2: 1 table(s) found
2026-05-12 11:33:08,888 [INFO]   Page 3: 1 table(s) found
2026-05-12 11:33:09,260 [INFO]   Page 4: 1 table(s) found
2026-05-12 11:33:09,690 [INFO]   Page 5: 1 table(s) found
2026-05-12 11:33:10,059 [INFO]   Page 6: 1 table(s) found
2026-05-12 11:33:10,478 [INFO]   Page 7: 1 table(s) found
2026-05-12 11:33:10,820 [INFO]   Page 8: 1 table(s) found
2026-05-12 11:33:10,821 [WARNING] Table extraction found nothing — trying word/X-position method
2026-05-12 11:33:14,321 [WARNING] Word method found nothing — falling back to plain-text line scan
2026-05-12 11:33:19,449 [INFO] Level 3 found 0 match(es)
2026-05-12 11:33:19,449 [INFO]   NOT FOUND in 08.05.2025 CAUSE LIST C- II.pdf: ['ALKA RAJESH MIMANI', 'DEEPAK VIJAY BAGRA', 'BHARAT MEHTA']
2026-05-12 11:33:19,449 [INFO]   No matches in: 08.05.2025 CAUSE LIST C- II.pdf
2026-05-12 11:33:19,449 [INFO] 
Processing: Cause List 08.05.2025 COURT 5-MUMBAI BENCH.pdf (Mumbai Bench Court-V)
2026-05-12 11:33:19,449 [INFO]   Checking 5 client(s): ['ESSEL INFRAPROJECTS LIMITED', 'ATUL S BHARANI', 'KASHYAP MEHTA', 'MR. ATUL TANSUKHLAL MEHTA', 'MR. HEMANT JITENDRARAI MEHTA']
2026-05-12 11:33:21,305 [INFO]   Fetched 1518 KB
2026-05-12 11:33:22,001 [INFO]   Page size: 842×595  Words:273  H-lines:0  V-lines:0
2026-05-12 11:33:22,003 [INFO]   Match words for 'ESSEL INFRAPROJECTS LIMITED': ['ESSEL', 'INFRAPROJECTS', 'LIMITED']
2026-05-12 11:33:22,003 [INFO]   Match words for 'ATUL S BHARANI': ['ATUL', 'BHARANI']
2026-05-12 11:33:22,003 [INFO]   Match words for 'KASHYAP MEHTA': ['KASHYAP', 'MEHTA']
2026-05-12 11:33:22,003 [INFO]   Match words for 'MR. ATUL TANSUKHLAL MEHTA': ['ATUL', 'TANSUKHLAL', 'MEHTA']
2026-05-12 11:33:22,003 [INFO]   Match words for 'MR. HEMANT JITENDRARAI MEHTA': ['HEMANT', 'JITENDRARAI', 'MEHTA']
2026-05-12 11:33:22,081 [INFO] PDF has 38 page(s) — trying table extraction
2026-05-12 11:33:23,113 [INFO]   Page 1: 1 table(s) found
2026-05-12 11:33:23,807 [INFO]   Page 2: 1 table(s) found
2026-05-12 11:33:24,379 [INFO]   Page 3: 1 table(s) found
2026-05-12 11:33:25,045 [INFO]   Page 4: 1 table(s) found
2026-05-12 11:33:25,480 [INFO]   Page 5: 1 table(s) found
2026-05-12 11:33:26,279 [INFO]   Page 6: 1 table(s) found
2026-05-12 11:33:26,578 [INFO]   Page 7: 1 table(s) found
2026-05-12 11:33:26,778 [INFO]   Page 8: 1 table(s) found
2026-05-12 11:33:27,128 [INFO]   Page 9: 1 table(s) found
2026-05-12 11:33:27,416 [INFO]   Page 10: 1 table(s) found
2026-05-12 11:33:27,508 [INFO]   Page 11: 1 table(s) found
2026-05-12 11:33:27,827 [INFO]   Page 12: 1 table(s) found
2026-05-12 11:33:28,179 [INFO]   Page 13: 1 table(s) found
2026-05-12 11:33:28,743 [INFO]   Page 14: 1 table(s) found
2026-05-12 11:33:29,103 [INFO]   Page 15: 1 table(s) found
2026-05-12 11:33:29,550 [INFO]   Page 16: 1 table(s) found
2026-05-12 11:33:29,833 [INFO]   Page 17: 1 table(s) found
2026-05-12 11:33:30,134 [INFO]   Page 18: 1 table(s) found
2026-05-12 11:33:30,427 [INFO]   Page 19: 2 table(s) found
2026-05-12 11:33:30,767 [INFO]   Page 20: 2 table(s) found
2026-05-12 11:33:31,074 [INFO]   Page 21: 3 table(s) found
2026-05-12 11:33:31,313 [INFO]   Page 22: 2 table(s) found
2026-05-12 11:33:31,495 [INFO]   Page 23: 2 table(s) found
2026-05-12 11:33:31,683 [INFO]   Page 24: 1 table(s) found
2026-05-12 11:33:32,850 [INFO]   Page 25: 1 table(s) found
2026-05-12 11:33:33,752 [INFO]   Page 26: 1 table(s) found
2026-05-12 11:33:33,941 [INFO]   Page 27: 3 table(s) found
2026-05-12 11:33:34,034 [INFO]   Page 28: 1 table(s) found
2026-05-12 11:33:34,217 [INFO]   Page 29: 3 table(s) found
2026-05-12 11:33:34,464 [INFO]   Page 30: 2 table(s) found
2026-05-12 11:33:34,654 [INFO]   Page 31: 1 table(s) found
2026-05-12 11:33:34,975 [INFO]   Page 32: 2 table(s) found
2026-05-12 11:33:35,324 [INFO]   Page 33: 2 table(s) found
2026-05-12 11:33:35,499 [INFO]   Page 34: 1 table(s) found
2026-05-12 11:33:35,841 [INFO]   Page 35: 1 table(s) found
2026-05-12 11:33:36,333 [INFO]   Page 36: 1 table(s) found
2026-05-12 11:33:36,677 [INFO]   Page 37: 3 table(s) found
2026-05-12 11:33:36,798 [INFO]   Page 38: 1 table(s) found
2026-05-12 11:33:36,799 [WARNING] Table extraction found nothing — trying word/X-position method
2026-05-12 11:33:49,832 [WARNING] Word method found nothing — falling back to plain-text line scan
2026-05-12 11:33:59,326 [INFO] Level 3 found 0 match(es)
2026-05-12 11:33:59,326 [INFO]   NOT FOUND in Cause List 08.05.2025 COURT 5-MUMBAI BENCH.pdf: ['ESSEL INFRAPROJECTS LIMITED', 'ATUL S BHARANI', 'KASHYAP MEHTA', 'MR. ATUL TANSUKHLAL MEHTA', 'MR. HEMANT JITENDRARAI MEHTA']
2026-05-12 11:33:59,326 [INFO]   No matches in: Cause List 08.05.2025 COURT 5-MUMBAI BENCH.pdf
2026-05-12 11:33:59,326 [INFO] 
Processing: Cause List 08.05.2025.pdf (New Delhi Bench Court-VI)
2026-05-12 11:33:59,327 [INFO]   No clients mapped to 'New Delhi Bench Court-VI' — skipping
2026-05-12 11:33:59,327 [INFO] 
Processing: NCLT COURT - III MUMBAI BENCH CAUSE LIST ON 08.05.2025.pdf (Mumbai Bench Court-III)
2026-05-12 11:33:59,327 [INFO]   Checking 1 client(s): ['LOK HOUSING & CONSTRUCTIONS LTD']
2026-05-12 11:34:00,061 [INFO]   Fetched 735 KB
2026-05-12 11:34:00,268 [INFO]   Page size: 792×612  Words:314  H-lines:0  V-lines:0
2026-05-12 11:34:00,268 [INFO]   Match words for 'LOK HOUSING & CONSTRUCTIONS LTD': ['LOK', 'HOUSING', 'CONSTRUCTIONS', 'LTD']
2026-05-12 11:34:00,274 [INFO] PDF has 8 page(s) — trying table extraction
2026-05-12 11:34:00,463 [INFO]   Page 1: 1 table(s) found
2026-05-12 11:34:00,754 [INFO]   Page 2: 1 table(s) found
2026-05-12 11:34:01,085 [INFO]   Page 3: 1 table(s) found
2026-05-12 11:34:01,403 [INFO]   Page 4: 1 table(s) found
2026-05-12 11:34:01,746 [INFO]   Page 5: 1 table(s) found
2026-05-12 11:34:02,077 [INFO]   Page 6: 1 table(s) found
2026-05-12 11:34:02,373 [INFO]   Page 7: 1 table(s) found
2026-05-12 11:34:02,913 [INFO]   Page 8: 1 table(s) found
2026-05-12 11:34:02,914 [WARNING] Table extraction found nothing — trying word/X-position method
2026-05-12 11:34:05,814 [WARNING] Word method found nothing — falling back to plain-text line scan
2026-05-12 11:34:08,254 [INFO] Level 3 found 0 match(es)
2026-05-12 11:34:08,254 [INFO]   NOT FOUND in NCLT COURT - III MUMBAI BENCH CAUSE LIST ON 08.05.2025.pdf: ['LOK HOUSING & CONSTRUCTIONS LTD']
2026-05-12 11:34:08,254 [INFO]   No matches in: NCLT COURT - III MUMBAI BENCH CAUSE LIST ON 08.05.2025.pdf
2026-05-12 11:34:08,254 [INFO] 
Processing: Causelist _08.05.2025.pdf (Jaipur Bench Court-I)
2026-05-12 11:34:08,254 [INFO]   Checking 6 client(s): ['MRS. ANITA RAHEJA', 'MR. SHIV RAHEJA', 'MR. DEEPAK RAHEJA', 'MR. ADITYA RAHEJA', 'MUMBAI WTR PRIVATE LIMITED', 'CHANEL INDIA BUSINESS SOLUTIONS P LTD']
2026-05-12 11:34:08,716 [INFO]   Fetched 335 KB
2026-05-12 11:34:08,824 [INFO]   Page size: 1008×612  Words:225  H-lines:0  V-lines:0
2026-05-12 11:34:08,824 [INFO]   Match words for 'MRS. ANITA RAHEJA': ['ANITA', 'RAHEJA']
2026-05-12 11:34:08,824 [INFO]   Match words for 'MR. SHIV RAHEJA': ['SHIV', 'RAHEJA']
2026-05-12 11:34:08,824 [INFO]   Match words for 'MR. DEEPAK RAHEJA': ['DEEPAK', 'RAHEJA']
2026-05-12 11:34:08,824 [INFO]   Match words for 'MR. ADITYA RAHEJA': ['ADITYA', 'RAHEJA']
2026-05-12 11:34:08,825 [INFO]   Match words for 'MUMBAI WTR PRIVATE LIMITED': ['MUMBAI', 'WTR', 'PRIVATE', 'LIMITED']
2026-05-12 11:34:08,825 [INFO]   Match words for 'CHANEL INDIA BUSINESS SOLUTIONS P LTD': ['CHANEL', 'INDIA', 'BUSINESS', 'SOLUTIONS', 'LTD']
2026-05-12 11:34:08,855 [INFO] PDF has 11 page(s) — trying table extraction
2026-05-12 11:34:08,941 [INFO]   Page 1: 1 table(s) found
2026-05-12 11:34:09,130 [INFO]   Page 2: 1 table(s) found
2026-05-12 11:34:09,347 [INFO]   Page 3: 1 table(s) found
2026-05-12 11:34:09,515 [INFO]   Page 4: 1 table(s) found
2026-05-12 11:34:09,721 [INFO]   Page 5: 1 table(s) found
2026-05-12 11:34:09,923 [INFO]   Page 6: 1 table(s) found
2026-05-12 11:34:10,092 [INFO]   Page 7: 1 table(s) found
2026-05-12 11:34:10,361 [INFO]   Page 8: 1 table(s) found
2026-05-12 11:34:10,572 [INFO]   Page 9: 1 table(s) found
2026-05-12 11:34:10,775 [INFO]   Page 10: 1 table(s) found
2026-05-12 11:34:10,856 [INFO]   Page 11: 1 table(s) found
2026-05-12 11:34:10,857 [WARNING] Table extraction found nothing — trying word/X-position method
2026-05-12 11:34:13,337 [WARNING] Word method found nothing — falling back to plain-text line scan
2026-05-12 11:34:15,226 [INFO] Level 3 found 0 match(es)
2026-05-12 11:34:15,227 [INFO]   NOT FOUND in Causelist _08.05.2025.pdf: ['MRS. ANITA RAHEJA', 'MR. SHIV RAHEJA', 'MR. DEEPAK RAHEJA', 'MR. ADITYA RAHEJA', 'MUMBAI WTR PRIVATE LIMITED', 'CHANEL INDIA BUSINESS SOLUTIONS P LTD']
2026-05-12 11:34:15,227 [INFO]   No matches in: Causelist _08.05.2025.pdf
2026-05-12 11:34:15,227 [INFO] 
Processing: 08.05.2025 List.pdf (New Delhi Bench Court-II)
2026-05-12 11:34:15,227 [INFO]   No clients mapped to 'New Delhi Bench Court-II' — skipping
2026-05-12 11:34:15,227 [INFO] 
Processing: C-IV Final Cause List 08.05.2025.pdf (New Delhi Bench Court-IV)
2026-05-12 11:34:15,227 [INFO]   No clients mapped to 'New Delhi Bench Court-IV' — skipping
2026-05-12 11:34:15,227 [INFO] 
Processing: Cause-List Court-V 08.05.2025.pdf (New Delhi Bench Court-V)
2026-05-12 11:34:15,227 [INFO]   No clients mapped to 'New Delhi Bench Court-V' — skipping
2026-05-12 11:34:15,227 [INFO] 
Processing: Single Bench C-IV Final Cause List 08.05.2025_0.pdf (New Delhi Bench Court-IV)
2026-05-12 11:34:15,228 [INFO]   No clients mapped to 'New Delhi Bench Court-IV' — skipping
2026-05-12 11:34:15,228 [INFO] 
Processing: C-III Cause list 08.05.2025.pdf (New Delhi Bench Court-III)
2026-05-12 11:34:15,228 [INFO]   No clients mapped to 'New Delhi Bench Court-III' — skipping
2026-05-12 11:34:15,228 [INFO] 
Processing: Cause List Allahabad Special Bench 08.05.2025.pdf (Allahabad Bench Court-I)
2026-05-12 11:34:15,228 [INFO]   No clients mapped to 'Allahabad Bench Court-I' — skipping
2026-05-12 11:34:15,228 [INFO] 
Processing: B-II_Cause List Dated 08.05.2025.pdf (Kolkata Bench Court II)
2026-05-12 11:34:15,228 [INFO]   No clients mapped to 'Kolkata Bench Court II' — skipping
2026-05-12 11:34:15,228 [INFO] 
Processing: 08.05.2025 CAUSE LIST-IV.pdf (Mumbai Bench Court-IV)
2026-05-12 11:34:15,228 [INFO]   Checking 1 client(s): ['CALYX LENORA REALTY LLP']
2026-05-12 11:34:15,786 [INFO]   Fetched 532 KB
2026-05-12 11:34:16,170 [INFO]   Page size: 843×597  Words:222  H-lines:0  V-lines:0
2026-05-12 11:34:16,171 [INFO]   Match words for 'CALYX LENORA REALTY LLP': ['CALYX', 'LENORA', 'REALTY', 'LLP']
2026-05-12 11:34:16,210 [INFO] PDF has 12 page(s) — trying table extraction
2026-05-12 11:34:16,516 [INFO]   Page 1: 1 table(s) found
2026-05-12 11:34:16,834 [INFO]   Page 2: 1 table(s) found
2026-05-12 11:34:17,375 [INFO]   Page 3: 1 table(s) found
2026-05-12 11:34:17,725 [INFO]   Page 4: 1 table(s) found
2026-05-12 11:34:18,033 [INFO]   Page 5: 1 table(s) found
2026-05-12 11:34:18,407 [INFO]   Page 6: 1 table(s) found
2026-05-12 11:34:18,718 [INFO]   Page 7: 1 table(s) found
2026-05-12 11:34:19,479 [INFO]   Page 8: 1 table(s) found
2026-05-12 11:34:19,900 [INFO]   Page 9: 1 table(s) found
2026-05-12 11:34:20,975 [INFO]   Page 10: 1 table(s) found
2026-05-12 11:34:21,733 [INFO]   Page 11: 1 table(s) found
2026-05-12 11:34:22,349 [INFO]   Page 12: 2 table(s) found
2026-05-12 11:34:22,350 [WARNING] Table extraction found nothing — trying word/X-position method
2026-05-12 11:34:28,173 [WARNING] Word method found nothing — falling back to plain-text line scan
2026-05-12 11:34:32,529 [INFO] Level 3 found 0 match(es)
2026-05-12 11:34:32,529 [INFO]   NOT FOUND in 08.05.2025 CAUSE LIST-IV.pdf: ['CALYX LENORA REALTY LLP']
2026-05-12 11:34:32,529 [INFO]   No matches in: 08.05.2025 CAUSE LIST-IV.pdf
2026-05-12 11:34:32,529 [INFO] 
Processing: 08.05.2025 Special Bench Causelist Mumbai Court-I.pdf (Mumbai Bench Court-I)
2026-05-12 11:34:32,529 [INFO]   Checking 5 client(s): ['MRS. ANITA RAHEJA', 'MR. SHIV RAHEJA', 'MR. DEEPAK RAHEJA', 'MR. ADITYA RAHEJA', 'MUMBAI WTR PRIVATE LIMITED']
2026-05-12 11:34:33,405 [INFO]   Fetched 577 KB
2026-05-12 11:34:33,567 [INFO]   Page size: 792×612  Words:203  H-lines:0  V-lines:0
2026-05-12 11:34:33,568 [INFO]   Match words for 'MRS. ANITA RAHEJA': ['ANITA', 'RAHEJA']
2026-05-12 11:34:33,568 [INFO]   Match words for 'MR. SHIV RAHEJA': ['SHIV', 'RAHEJA']
2026-05-12 11:34:33,568 [INFO]   Match words for 'MR. DEEPAK RAHEJA': ['DEEPAK', 'RAHEJA']
2026-05-12 11:34:33,568 [INFO]   Match words for 'MR. ADITYA RAHEJA': ['ADITYA', 'RAHEJA']
2026-05-12 11:34:33,568 [INFO]   Match words for 'MUMBAI WTR PRIVATE LIMITED': ['MUMBAI', 'WTR', 'PRIVATE', 'LIMITED']
2026-05-12 11:34:33,573 [INFO] PDF has 6 page(s) — trying table extraction
2026-05-12 11:34:33,729 [INFO]   Page 1: 1 table(s) found
2026-05-12 11:34:34,139 [INFO]   Page 2: 1 table(s) found
2026-05-12 11:34:34,613 [INFO]   Page 3: 1 table(s) found
2026-05-12 11:34:34,963 [INFO]   Page 4: 1 table(s) found
2026-05-12 11:34:35,259 [INFO]   Page 5: 1 table(s) found
2026-05-12 11:34:35,322 [INFO]   Page 6: 0 table(s) found
2026-05-12 11:34:35,323 [WARNING] Table extraction found nothing — trying word/X-position method
2026-05-12 11:34:37,274 [WARNING] Word method found nothing — falling back to plain-text line scan
2026-05-12 11:34:39,019 [INFO] Level 3 found 0 match(es)
2026-05-12 11:34:39,020 [INFO]   NOT FOUND in 08.05.2025 Special Bench Causelist Mumbai Court-I.pdf: ['MRS. ANITA RAHEJA', 'MR. SHIV RAHEJA', 'MR. DEEPAK RAHEJA', 'MR. ADITYA RAHEJA', 'MUMBAI WTR PRIVATE LIMITED']
2026-05-12 11:34:39,020 [INFO]   No matches in: 08.05.2025 Special Bench Causelist Mumbai Court-I.pdf
2026-05-12 11:34:39,021 [INFO] 
Processing: 08.05.2025 Court 2 with Notice.pdf (Chandigarh Bench Court-II)
2026-05-12 11:34:39,022 [INFO]   No clients mapped to 'Chandigarh Bench Court-II' — skipping
2026-05-12 11:34:39,022 [INFO] 
Processing: Daily CauseList dated 08.05.2025.pdf (Cuttack Bench Court-I)
2026-05-12 11:34:39,022 [INFO]   Checking 6 client(s): ['MRS. ANITA RAHEJA', 'MR. SHIV RAHEJA', 'MR. DEEPAK RAHEJA', 'MR. ADITYA RAHEJA', 'MUMBAI WTR PRIVATE LIMITED', 'CHANEL INDIA BUSINESS SOLUTIONS P LTD']
2026-05-12 11:34:45,295 [INFO]   Fetched 5404 KB
2026-05-12 11:34:45,443 [INFO]   Page size: 842×595  Words:230  H-lines:0  V-lines:0
2026-05-12 11:34:45,443 [INFO]   Match words for 'MRS. ANITA RAHEJA': ['ANITA', 'RAHEJA']
2026-05-12 11:34:45,444 [INFO]   Match words for 'MR. SHIV RAHEJA': ['SHIV', 'RAHEJA']
2026-05-12 11:34:45,444 [INFO]   Match words for 'MR. DEEPAK RAHEJA': ['DEEPAK', 'RAHEJA']
2026-05-12 11:34:45,444 [INFO]   Match words for 'MR. ADITYA RAHEJA': ['ADITYA', 'RAHEJA']
2026-05-12 11:34:45,444 [INFO]   Match words for 'MUMBAI WTR PRIVATE LIMITED': ['MUMBAI', 'WTR', 'PRIVATE', 'LIMITED']
2026-05-12 11:34:45,444 [INFO]   Match words for 'CHANEL INDIA BUSINESS SOLUTIONS P LTD': ['CHANEL', 'INDIA', 'BUSINESS', 'SOLUTIONS', 'LTD']
2026-05-12 11:34:45,456 [INFO] PDF has 8 page(s) — trying table extraction
2026-05-12 11:34:45,677 [INFO]   Page 1: 0 table(s) found
2026-05-12 11:34:45,787 [INFO]   Page 2: 0 table(s) found
2026-05-12 11:34:45,949 [INFO]   Page 3: 0 table(s) found
2026-05-12 11:34:46,115 [INFO]   Page 4: 0 table(s) found
2026-05-12 11:34:46,231 [INFO]   Page 5: 0 table(s) found
2026-05-12 11:34:46,367 [INFO]   Page 6: 0 table(s) found
2026-05-12 11:34:47,138 [INFO]   Page 7: 0 table(s) found
2026-05-12 11:34:47,487 [INFO]   Page 8: 0 table(s) found
2026-05-12 11:34:47,488 [WARNING] Table extraction found nothing — trying word/X-position method
2026-05-12 11:34:49,816 [WARNING] Word method found nothing — falling back to plain-text line scan
2026-05-12 11:34:51,069 [INFO] Level 3 found 0 match(es)
2026-05-12 11:34:51,069 [INFO]   NOT FOUND in Daily CauseList dated 08.05.2025.pdf: ['MRS. ANITA RAHEJA', 'MR. SHIV RAHEJA', 'MR. DEEPAK RAHEJA', 'MR. ADITYA RAHEJA', 'MUMBAI WTR PRIVATE LIMITED', 'CHANEL INDIA BUSINESS SOLUTIONS P LTD']
2026-05-12 11:34:51,069 [INFO]   No matches in: Daily CauseList dated 08.05.2025.pdf
2026-05-12 11:34:51,069 [INFO] 
Processing: Causelist 08.05.2025.pdf (Guwahati Bench Court-I)
2026-05-12 11:34:51,069 [INFO]   Checking 6 client(s): ['MRS. ANITA RAHEJA', 'MR. SHIV RAHEJA', 'MR. DEEPAK RAHEJA', 'MR. ADITYA RAHEJA', 'MUMBAI WTR PRIVATE LIMITED', 'CHANEL INDIA BUSINESS SOLUTIONS P LTD']
2026-05-12 11:34:51,483 [INFO]   Fetched 198 KB
2026-05-12 11:34:51,598 [INFO]   Page size: 792×612  Words:235  H-lines:0  V-lines:0
2026-05-12 11:34:51,599 [INFO]   Match words for 'MRS. ANITA RAHEJA': ['ANITA', 'RAHEJA']
2026-05-12 11:34:51,599 [INFO]   Match words for 'MR. SHIV RAHEJA': ['SHIV', 'RAHEJA']
2026-05-12 11:34:51,599 [INFO]   Match words for 'MR. DEEPAK RAHEJA': ['DEEPAK', 'RAHEJA']
2026-05-12 11:34:51,599 [INFO]   Match words for 'MR. ADITYA RAHEJA': ['ADITYA', 'RAHEJA']
2026-05-12 11:34:51,599 [INFO]   Match words for 'MUMBAI WTR PRIVATE LIMITED': ['MUMBAI', 'WTR', 'PRIVATE', 'LIMITED']
2026-05-12 11:34:51,599 [INFO]   Match words for 'CHANEL INDIA BUSINESS SOLUTIONS P LTD': ['CHANEL', 'INDIA', 'BUSINESS', 'SOLUTIONS', 'LTD']
2026-05-12 11:34:51,606 [INFO] PDF has 4 page(s) — trying table extraction
2026-05-12 11:34:51,712 [INFO]   Page 1: 1 table(s) found
2026-05-12 11:34:51,971 [INFO]   Page 2: 1 table(s) found
2026-05-12 11:34:52,218 [INFO]   Page 3: 1 table(s) found
2026-05-12 11:34:52,372 [INFO]   Page 4: 1 table(s) found
2026-05-12 11:34:52,373 [WARNING] Table extraction found nothing — trying word/X-position method
2026-05-12 11:34:53,177 [WARNING] Word method found nothing — falling back to plain-text line scan
2026-05-12 11:34:53,989 [INFO] Level 3 found 0 match(es)
2026-05-12 11:34:53,989 [INFO]   NOT FOUND in Causelist 08.05.2025.pdf: ['MRS. ANITA RAHEJA', 'MR. SHIV RAHEJA', 'MR. DEEPAK RAHEJA', 'MR. ADITYA RAHEJA', 'MUMBAI WTR PRIVATE LIMITED', 'CHANEL INDIA BUSINESS SOLUTIONS P LTD']
2026-05-12 11:34:53,989 [INFO]   No matches in: Causelist 08.05.2025.pdf
2026-05-12 11:34:53,989 [INFO] 
Processing: 08.05.2025 with Office Order.pdf (Chandigarh Bench Court-I)
2026-05-12 11:34:53,989 [INFO]   No clients mapped to 'Chandigarh Bench Court-I' — skipping
2026-05-12 11:34:54,123 [INFO] ============================================================
2026-05-12 11:34:54,124 [INFO] FOUND:     []
2026-05-12 11:34:54,124 [INFO] NOT FOUND: ['MRS. ANITA RAHEJA', 'MR. SHIV RAHEJA', 'MR. DEEPAK RAHEJA', 'MR. ADITYA RAHEJA', 'MUMBAI WTR PRIVATE LIMITED', 'ALKA RAJESH MIMANI', 'DEEPAK VIJAY BAGRA', 'BHARAT MEHTA', 'LOK HOUSING & CONSTRUCTIONS LTD', 'CALYX LENORA REALTY LLP', 'ESSEL INFRAPROJECTS LIMITED', 'ATUL S BHARANI', 'KASHYAP MEHTA', 'MR. ATUL TANSUKHLAL MEHTA', 'MR. HEMANT JITENDRARAI MEHTA', 'OKI INDIA PRIVATE LIMITED', 'SHROFF TEXTILES LIMITED', 'KAMLESH CORPORATION', 'CHANEL INDIA BUSINESS SOLUTIONS P LTD']
2026-05-12 11:34:54,124 [INFO] DONE — No matches. Sending no-match summary email …
2026-05-12 11:34:55,777 [INFO] Email sent → ['tejashree@apmh.in']
2026-05-12 11:34:55,777 [INFO] ============================================================
2026-05-12 12:10:31,305 [INFO] NCLAT: fetching for 22.04.2026
2026-05-12 12:10:32,795 [INFO]   ✓ NCLAT: Cause List for 22.04.2026 - Registrar Court
2026-05-12 12:10:32,796 [INFO]   ✓ NCLAT: Supplementary Cause List for 22.04.2026 - Court-IV
2026-05-12 12:10:33,204 [INFO]   ✓ NCLAT: Supplementary Cause List for 22.04.2026 - Court of Chairperson
2026-05-12 12:10:33,205 [INFO]   ✓ NCLAT: Supplementary Cause List for 22.04.2026 - Chennai Bench
2026-05-12 12:10:33,206 [INFO]   ✓ NCLAT: Cause List for 22.04.2026 - Court-II
2026-05-12 12:10:33,206 [INFO]   ✓ NCLAT: Cause List for 22.04.2026 - Court of Chairperson
2026-05-12 12:10:33,207 [INFO]   ✓ NCLAT: Cause List for 22.04.2026 - Court-III
2026-05-12 12:10:33,208 [INFO]   ✓ NCLAT: Cause List for 22.04.2026 - Court-IV
2026-05-12 12:10:33,209 [INFO]   ✓ NCLAT: Cause List for 22.04.2026 - Chennai Bench
2026-05-12 12:10:33,213 [INFO] NCLAT: 9 PDF(s) found
2026-05-12 12:10:33,214 [INFO] Scanning: Cause List for 22.04.2026 - Registrar Court
2026-05-12 12:10:33,540 [INFO]   Canonical table width: 4 cols, 5 raw rows
2026-05-12 12:10:33,541 [INFO]   4 logical rows after merge
2026-05-12 12:10:33,541 [INFO]   4 table rows
2026-05-12 12:10:33,545 [INFO] Scanning: Supplementary Cause List for 22.04.2026 - Court-IV
2026-05-12 12:10:34,365 [INFO]   Canonical table width: 6 cols, 47 raw rows
2026-05-12 12:10:34,365 [INFO]   12 logical rows after merge
2026-05-12 12:10:34,367 [INFO]   12 table rows
2026-05-12 12:10:34,376 [INFO] Scanning: Supplementary Cause List for 22.04.2026 - Court of Chairperson
2026-05-12 12:10:35,436 [INFO]   Canonical table width: 4 cols, 47 raw rows
2026-05-12 12:10:35,438 [INFO]   6 logical rows after merge
2026-05-12 12:10:35,438 [INFO]   6 table rows
2026-05-12 12:10:35,448 [INFO] Scanning: Supplementary Cause List for 22.04.2026 - Chennai Bench
2026-05-12 12:10:35,962 [INFO]   Canonical table width: 5 cols, 8 raw rows
2026-05-12 12:10:35,963 [INFO]   5 logical rows after merge
2026-05-12 12:10:35,964 [INFO]   5 table rows
2026-05-12 12:10:35,972 [INFO] Scanning: Cause List for 22.04.2026 - Court-II
2026-05-12 12:10:37,719 [INFO]   Canonical table width: 1 cols, 150 raw rows
2026-05-12 12:10:37,721 [INFO]   38 logical rows after merge
2026-05-12 12:10:37,722 [INFO]   38 table rows
2026-05-12 12:10:37,749 [INFO] Scanning: Cause List for 22.04.2026 - Court of Chairperson
2026-05-12 12:10:41,194 [INFO]   Canonical table width: 9 cols, 395 raw rows
2026-05-12 12:10:41,200 [INFO]   99 logical rows after merge
2026-05-12 12:10:41,200 [INFO]   99 table rows
2026-05-12 12:10:41,243 [INFO]   MATCH [NCLAT] KAMLESH CORPORATION — 1 row(s)
2026-05-12 12:10:41,264 [INFO] Scanning: Cause List for 22.04.2026 - Court-III
2026-05-12 12:10:42,412 [INFO]   Canonical table width: 1 cols, 33 raw rows
2026-05-12 12:10:42,413 [INFO]   9 logical rows after merge
2026-05-12 12:10:42,414 [INFO]   9 table rows
2026-05-12 12:10:42,424 [INFO] Scanning: Cause List for 22.04.2026 - Court-IV
2026-05-12 12:10:43,712 [INFO]   Canonical table width: 1 cols, 92 raw rows
2026-05-12 12:10:43,713 [INFO]   29 logical rows after merge
2026-05-12 12:10:43,714 [INFO]   29 table rows
2026-05-12 12:10:43,734 [INFO] Scanning: Cause List for 22.04.2026 - Chennai Bench
2026-05-12 12:10:46,742 [INFO]   Canonical table width: 5 cols, 63 raw rows
2026-05-12 12:10:46,746 [INFO]   58 logical rows after merge
2026-05-12 12:10:46,749 [INFO]   58 table rows
2026-05-12 12:10:48,514 [INFO] ✓ Email sent to ['tejashree@apmh.in']
2026-05-12 12:36:46,168 [INFO] ============================================================
2026-05-12 12:36:46,168 [INFO] NCLT Automation starting
2026-05-12 12:36:46,169 [INFO] Search date: 22/04/2026
2026-05-12 12:36:46,169 [INFO] Clients: ['MRS. ANITA RAHEJA', 'MR. SHIV RAHEJA', 'MR. DEEPAK RAHEJA', 'MR. ADITYA RAHEJA', 'MUMBAI WTR PRIVATE LIMITED', 'ALKA RAJESH MIMANI', 'DEEPAK VIJAY BAGRA', 'BHARAT MEHTA', 'LOK HOUSING & CONSTRUCTIONS LTD', 'CALYX LENORA REALTY LLP', 'ESSEL INFRAPROJECTS LIMITED', 'ATUL S BHARANI', 'KASHYAP MEHTA', 'MR. ATUL TANSUKHLAL MEHTA', 'MR. HEMANT JITENDRARAI MEHTA', 'OKI INDIA PRIVATE LIMITED', 'SHROFF TEXTILES LIMITED', 'KAMLESH CORPORATION', 'CHANEL INDIA BUSINESS SOLUTIONS P LTD']
2026-05-12 12:36:46,169 [INFO] ============================================================
2026-05-12 12:36:51,331 [INFO] Opening NCLT cause list page (attempt 1)…
2026-05-12 12:37:08,708 [INFO] Selecting 22/04/2026 in #edit-field-cause-date-value
2026-05-12 12:37:10,293 [INFO] Calendar header: 'May 2026'
2026-05-12 12:37:11,160 [INFO] Calendar header: 'April 2026'
2026-05-12 12:37:11,702 [INFO] Clicked day 22
2026-05-12 12:37:12,218 [INFO] Selecting 22/04/2026 in #edit-field-cause-date-value-1
2026-05-12 12:37:13,288 [INFO] Calendar header: 'May 2026'
2026-05-12 12:37:13,852 [INFO] Calendar header: 'April 2026'
2026-05-12 12:37:14,134 [INFO] Clicked day 22
2026-05-12 12:37:14,640 [INFO] Solving CAPTCHA …
2026-05-12 12:37:15,655 [INFO] CAPTCHA solved: 11 + 3 = 14
2026-05-12 12:37:15,740 [INFO] CAPTCHA answer: 14
2026-05-12 12:37:16,253 [INFO] Clicking Search …
2026-05-12 12:37:19,291 [INFO] Clicked search via #edit-submit-all-couse-list
2026-05-12 12:37:28,476 [INFO] Results URL: https://nclt.gov.in/all-couse-list?field_nclt_benches_list_target_id=All&field_cause_date_value=04%2F22%2F2026&field_cause_date_value_1=04%2F22%2F2026&captcha_sid=27401659&captcha_token=26HBtEbDEqA7Hex7OyRWgJ_lTKBBYsvfiFFUxaIM21I&captcha_response=14
2026-05-12 12:37:28,511 [INFO] Cities we need PDFs for: {'mumbai', 'bangalore', 'bengaluru', 'bombay'}
2026-05-12 12:37:28,511 [INFO] Scraping results page 1 …
2026-05-12 12:37:28,544 [INFO]   Result rows on this page: 21
2026-05-12 12:37:28,638 [INFO]     PDF: Supplementary List 22.04.2026.pdf | Chennai Bench Court-II | 22/04/2026
2026-05-12 12:37:28,715 [INFO]     PDF: 22.04.2026 CH 1 Cause List NCLT Hyderabad Bench.pdf | Hyderabad Bench Court-I | 22/04/2026
2026-05-12 12:37:28,783 [INFO]     PDF: Causelist 22.04.2026_0.pdf | Chennai Bench Court-I | 22/04/2026
2026-05-12 12:37:28,847 [INFO]     PDF: Cause List Allahabad Bench 22.04.2026.pdf | Allahabad Bench Court-I | 22/04/2026
2026-05-12 12:37:28,912 [INFO]     PDF: NCLT COURT - III MUMBAI BENCH CAUSE LIST ON 22.04.2026.pdf | Mumbai Bench Court-III | 22/04/2026
2026-05-12 12:37:28,978 [INFO]     PDF: Cause List Court- VI (22.04.2026).pdf | New Delhi Bench Court-VI | 22/04/2026
2026-05-12 12:37:29,043 [INFO]     PDF: 22-04-2026 Court-1.pdf | Ahmedabad Bench Court-I | 22/04/2026
2026-05-12 12:37:29,108 [INFO]     PDF: 22-04-2026 Special Bench Cause List.pdf | Ahmedabad Bench Court-I | 22/04/2026
2026-05-12 12:37:29,177 [INFO]     PDF: 22-04-2026 Court-2.pdf | Ahmedabad Bench Court-II | 22/04/2026
2026-05-12 12:37:29,242 [INFO]     PDF: 22.04.2026 Updated Court 2 _000457.pdf | Chandigarh Bench Court-II | 22/04/2026
2026-05-12 12:37:29,307 [INFO]     PDF: Revised Cause-List Court-V 22.04.2026.pdf | New Delhi Bench Court-V | 22/04/2026
2026-05-12 12:37:29,373 [INFO]     PDF: 22.04.2026.pdf | Bengaluru Bench Court-I | 22/04/2026
2026-05-12 12:37:29,438 [INFO]     PDF: Bench-III Single Bench Cause List dated 22.04.2026_0.pdf | Kolkata Bench Court-3 | 22/04/2026
2026-05-12 12:37:29,527 [INFO]     PDF: 22.04.2026 CAUSE LIST C- II.pdf | Mumbai Bench Court-II | 22/04/2026
2026-05-12 12:37:29,603 [INFO]     PDF: Cause list_22-04-2026.pdf | Jaipur Bench Court-I | 22/04/2026
2026-05-12 12:37:29,670 [INFO]     PDF: Daily_Cause_List Dated 22.04.2026.pdf | Cuttack Bench Court-I | 22/04/2026
2026-05-12 12:37:29,739 [INFO]     PDF: Bench-III Single Bench Cause List dated 22.04.2026.pdf | Kolkata Bench Court II | 22/04/2026
2026-05-12 12:37:29,814 [INFO]     PDF: Bench-II Cause List dated 22.04.2026.pdf | Kolkata Bench Court II | 22/04/2026
2026-05-12 12:37:29,889 [INFO]     PDF: C-III Special Bench 2 Cause list 22.04.2026.pdf | New Delhi Bench Court-III | 22/04/2026
2026-05-12 12:37:29,952 [INFO]     PDF: C-III Special Bench 1 Cause list 22.04.2026.pdf | New Delhi Bench Court-III | 22/04/2026
2026-05-12 12:37:29,962 [INFO] Navigating to results page 2 …
2026-05-12 12:37:41,617 [INFO]   Result rows on this page: 21
2026-05-12 12:37:41,725 [INFO]     PDF: C-III Single Bench Cause list 22.04.2026.pdf | New Delhi Bench Court-III | 22/04/2026
2026-05-12 12:37:41,820 [INFO]     PDF: C-IV Final Cause list 22.04.2026.pdf | New Delhi Bench Court-IV | 22/04/2026
2026-05-12 12:37:41,899 [INFO]     PDF: Cause List 22.04.2026 COURT 5-MUMBAI BENCH_0.pdf | Mumbai Bench Court-V | 22/04/2026
2026-05-12 12:37:41,973 [INFO]     PDF: C-III Cause list 22.04.2026.pdf | New Delhi Bench Court-III | 22/04/2026
2026-05-12 12:37:42,041 [INFO]     PDF: Revised Cause List PB 22.04.2026.pdf | Principal Bench Court-I | 22/04/2026
2026-05-12 12:37:42,106 [INFO]     PDF: 22.04.2026 Cause List.pdf | New Delhi Bench Court-II | 22/04/2026
2026-05-12 12:37:42,176 [INFO]     PDF: C-2 CAUSELIST 22.04.2026.pdf | Chennai Bench Court-II | 22/04/2026
2026-05-12 12:37:42,264 [INFO]     PDF: Amaravati Special Bench Cause list - 22.04.2026.pdf | Amaravati Bench Court-I | 22/04/2026
2026-05-12 12:37:42,343 [INFO]     PDF: B-III_Cause List Dated 22.04.2026.pdf | Kolkata Bench Court-3 | 22/04/2026
2026-05-12 12:37:42,417 [INFO]     PDF: B-I_Cause List Dated 22.04.2026.pdf | Kolkata Bench Court-I | 22/04/2026
2026-05-12 12:37:42,518 [INFO]     PDF: Cause list court-II 22.04.2026.pdf | Hyderabad Bench Court-II | 22/04/2026
2026-05-12 12:37:42,592 [INFO]     PDF: 22-04-2026 Final IND Cause List.pdf | Indore Bench Court-I | 22/04/2026
2026-05-12 12:37:42,659 [INFO]     PDF: DAILY CAUSE LIST - 22.04.2026.pdf | Kochi Bench Court-I | 22/04/2026
2026-05-12 12:37:42,725 [INFO]     PDF: 22.04.2026 Mumbai Bench Court -1_0.pdf | Mumbai Bench Court-I | 22/04/2026
2026-05-12 12:37:42,811 [INFO]     PDF: 22.04.2026 Court 2 _000455.pdf | Chandigarh Bench Court-II | 22/04/2026
2026-05-12 12:37:42,881 [INFO]     PDF: court VI cause list 22.04.2026 SPECIAL BENCH.pdf | Mumbai Bench Court-VI | 22/04/2026
2026-05-12 12:37:42,945 [INFO]     PDF: Causelist 22.04.2026.pdf | Guwahati Bench Court-I | 22/04/2026
2026-05-12 12:37:43,011 [INFO]     PDF: 22.04.2026 CAUSE LIST-IV.pdf | Mumbai Bench Court-IV | 22/04/2026
2026-05-12 12:37:43,084 [INFO]     PDF: Special Bench Cause list 22.04.2026.pdf | Hyderabad Bench Court-II | 22/04/2026
2026-05-12 12:37:43,162 [INFO]     PDF: 22.04.2026 Court-1_20260421_0001.pdf | Chandigarh Bench Court-I | 22/04/2026
2026-05-12 12:37:43,217 [INFO] No more pagination pages found after page 2.
2026-05-12 12:37:43,217 [INFO] Total PDFs found across 2 result page(s): 40
2026-05-12 12:37:43,219 [INFO] 
Processing: Supplementary List 22.04.2026.pdf (Chennai Bench Court-II)
2026-05-12 12:37:43,223 [INFO]   No clients mapped to 'Chennai Bench Court-II' — skipping
2026-05-12 12:37:43,224 [INFO] 
Processing: 22.04.2026 CH 1 Cause List NCLT Hyderabad Bench.pdf (Hyderabad Bench Court-I)
2026-05-12 12:37:43,225 [INFO]   No clients mapped to 'Hyderabad Bench Court-I' — skipping
2026-05-12 12:37:43,226 [INFO] 
Processing: Causelist 22.04.2026_0.pdf (Chennai Bench Court-I)
2026-05-12 12:37:43,226 [INFO]   No clients mapped to 'Chennai Bench Court-I' — skipping
2026-05-12 12:37:43,227 [INFO] 
Processing: Cause List Allahabad Bench 22.04.2026.pdf (Allahabad Bench Court-I)
2026-05-12 12:37:43,228 [INFO]   No clients mapped to 'Allahabad Bench Court-I' — skipping
2026-05-12 12:37:43,229 [INFO] 
Processing: NCLT COURT - III MUMBAI BENCH CAUSE LIST ON 22.04.2026.pdf (Mumbai Bench Court-III)
2026-05-12 12:37:43,230 [INFO]   Checking 1 client(s): ['LOK HOUSING & CONSTRUCTIONS LTD']
2026-05-12 12:37:46,556 [INFO]   Fetched 752 KB
2026-05-12 12:37:46,787 [INFO]   Page size: 792×612  Words:314  H-lines:0  V-lines:0
2026-05-12 12:37:46,788 [INFO]   Match words for 'LOK HOUSING & CONSTRUCTIONS LTD': ['LOK', 'HOUSING', 'CONSTRUCTIONS', 'LTD']
2026-05-12 12:37:46,798 [INFO] PDF has 11 page(s) — trying table extraction
2026-05-12 12:37:47,004 [INFO]   Page 1: 1 table(s) found
2026-05-12 12:37:47,280 [INFO]   Page 2: 1 table(s) found
2026-05-12 12:37:47,617 [INFO]   Page 3: 1 table(s) found
2026-05-12 12:37:47,918 [INFO]   Page 4: 1 table(s) found
2026-05-12 12:37:48,179 [INFO]   Page 5: 1 table(s) found
2026-05-12 12:37:48,492 [INFO]   Page 6: 1 table(s) found
2026-05-12 12:37:48,879 [INFO]   Page 7: 1 table(s) found
2026-05-12 12:37:49,170 [INFO]   Page 8: 1 table(s) found
2026-05-12 12:37:49,711 [INFO]   Page 9: 2 table(s) found
2026-05-12 12:37:50,127 [INFO]   Page 10: 1 table(s) found
2026-05-12 12:37:50,534 [INFO]   Page 11: 1 table(s) found
2026-05-12 12:37:50,535 [WARNING] Table extraction found nothing — trying word/X-position method
2026-05-12 12:37:55,351 [WARNING] Word method found nothing — falling back to plain-text line scan
2026-05-12 12:37:59,785 [INFO] Level 3 found 0 match(es)
2026-05-12 12:37:59,800 [INFO]   NOT FOUND in NCLT COURT - III MUMBAI BENCH CAUSE LIST ON 22.04.2026.pdf: ['LOK HOUSING & CONSTRUCTIONS LTD']
2026-05-12 12:37:59,802 [INFO]   No matches in: NCLT COURT - III MUMBAI BENCH CAUSE LIST ON 22.04.2026.pdf
2026-05-12 12:37:59,808 [INFO] 
Processing: Cause List Court- VI (22.04.2026).pdf (New Delhi Bench Court-VI)
2026-05-12 12:37:59,811 [INFO]   No clients mapped to 'New Delhi Bench Court-VI' — skipping
2026-05-12 12:37:59,811 [INFO] 
Processing: 22-04-2026 Court-1.pdf (Ahmedabad Bench Court-I)
2026-05-12 12:37:59,813 [INFO]   No clients mapped to 'Ahmedabad Bench Court-I' — skipping
2026-05-12 12:37:59,813 [INFO] 
Processing: 22-04-2026 Special Bench Cause List.pdf (Ahmedabad Bench Court-I)
2026-05-12 12:37:59,814 [INFO]   No clients mapped to 'Ahmedabad Bench Court-I' — skipping
2026-05-12 12:37:59,815 [INFO] 
Processing: 22-04-2026 Court-2.pdf (Ahmedabad Bench Court-II)
2026-05-12 12:37:59,816 [INFO]   No clients mapped to 'Ahmedabad Bench Court-II' — skipping
2026-05-12 12:37:59,817 [INFO] 
Processing: 22.04.2026 Updated Court 2 _000457.pdf (Chandigarh Bench Court-II)
2026-05-12 12:37:59,818 [INFO]   No clients mapped to 'Chandigarh Bench Court-II' — skipping
2026-05-12 12:37:59,819 [INFO] 
Processing: Revised Cause-List Court-V 22.04.2026.pdf (New Delhi Bench Court-V)
2026-05-12 12:37:59,820 [INFO]   No clients mapped to 'New Delhi Bench Court-V' — skipping
2026-05-12 12:37:59,826 [INFO] 
Processing: 22.04.2026.pdf (Bengaluru Bench Court-I)
2026-05-12 12:37:59,829 [INFO]   Checking 1 client(s): ['CHANEL INDIA BUSINESS SOLUTIONS P LTD']
2026-05-12 12:38:00,634 [INFO]   Fetched 94 KB
2026-05-12 12:38:00,956 [INFO]   Page size: 792×612  Words:397  H-lines:0  V-lines:0
2026-05-12 12:38:00,957 [INFO]   Match words for 'CHANEL INDIA BUSINESS SOLUTIONS P LTD': ['CHANEL', 'INDIA', 'BUSINESS', 'SOLUTIONS', 'LTD']
2026-05-12 12:38:00,975 [INFO] PDF has 9 page(s) — trying table extraction
2026-05-12 12:38:01,327 [INFO]   Page 1: 1 table(s) found
2026-05-12 12:38:02,001 [INFO]   Page 2: 1 table(s) found
2026-05-12 12:38:02,423 [INFO]   Page 3: 1 table(s) found
2026-05-12 12:38:02,692 [INFO]   Page 4: 1 table(s) found
2026-05-12 12:38:02,911 [INFO]   Page 5: 1 table(s) found
2026-05-12 12:38:03,458 [INFO]   Page 6: 1 table(s) found
2026-05-12 12:38:03,722 [INFO]   Page 7: 1 table(s) found
2026-05-12 12:38:03,934 [INFO]   Page 8: 1 table(s) found
2026-05-12 12:38:04,211 [INFO]   Page 9: 1 table(s) found
2026-05-12 12:38:04,212 [WARNING] Table extraction found nothing — trying word/X-position method
2026-05-12 12:38:07,263 [WARNING] Word method found nothing — falling back to plain-text line scan
2026-05-12 12:38:09,258 [INFO] Level 3 found 0 match(es)
2026-05-12 12:38:09,258 [INFO]   NOT FOUND in 22.04.2026.pdf: ['CHANEL INDIA BUSINESS SOLUTIONS P LTD']
2026-05-12 12:38:09,260 [INFO]   No matches in: 22.04.2026.pdf
2026-05-12 12:38:09,265 [INFO] 
Processing: Bench-III Single Bench Cause List dated 22.04.2026_0.pdf (Kolkata Bench Court-3)
2026-05-12 12:38:09,266 [INFO]   No clients mapped to 'Kolkata Bench Court-3' — skipping
2026-05-12 12:38:09,267 [INFO] 
Processing: 22.04.2026 CAUSE LIST C- II.pdf (Mumbai Bench Court-II)
2026-05-12 12:38:09,269 [INFO]   Checking 3 client(s): ['ALKA RAJESH MIMANI', 'DEEPAK VIJAY BAGRA', 'BHARAT MEHTA']
2026-05-12 12:38:11,140 [INFO]   Fetched 350 KB
2026-05-12 12:38:11,874 [INFO]   Page size: 842×595  Words:270  H-lines:0  V-lines:0
2026-05-12 12:38:11,875 [INFO]   Match words for 'ALKA RAJESH MIMANI': ['ALKA', 'RAJESH', 'MIMANI']
2026-05-12 12:38:11,876 [INFO]   Match words for 'DEEPAK VIJAY BAGRA': ['DEEPAK', 'VIJAY', 'BAGRA']
2026-05-12 12:38:11,880 [INFO]   Match words for 'BHARAT MEHTA': ['BHARAT', 'MEHTA']
2026-05-12 12:38:11,906 [INFO] PDF has 7 page(s) — trying table extraction
2026-05-12 12:38:12,448 [INFO]   Page 1: 1 table(s) found
2026-05-12 12:38:13,056 [INFO]   Page 2: 1 table(s) found
2026-05-12 12:38:13,798 [INFO]   Page 3: 1 table(s) found
2026-05-12 12:38:14,341 [INFO]   Page 4: 1 table(s) found
2026-05-12 12:38:15,057 [INFO]   Page 5: 1 table(s) found
2026-05-12 12:38:15,553 [INFO]   Page 6: 1 table(s) found
2026-05-12 12:38:15,553 [INFO]   [TABLE] MATCH 'DEEPAK VIJAY BAGRA' row 2
2026-05-12 12:38:16,019 [INFO]   Page 7: 1 table(s) found
2026-05-12 12:38:16,020 [INFO] Level 1 found 1 match(es)
2026-05-12 12:38:16,021 [INFO]   NOT FOUND in 22.04.2026 CAUSE LIST C- II.pdf: ['ALKA RAJESH MIMANI', 'BHARAT MEHTA']
2026-05-12 12:38:16,022 [INFO]   *** 1 MATCH(ES) ***
2026-05-12 12:38:16,026 [INFO] 
Processing: Cause list_22-04-2026.pdf (Jaipur Bench Court-I)
2026-05-12 12:38:16,027 [INFO]   Checking 6 client(s): ['MRS. ANITA RAHEJA', 'MR. SHIV RAHEJA', 'MR. DEEPAK RAHEJA', 'MR. ADITYA RAHEJA', 'MUMBAI WTR PRIVATE LIMITED', 'CHANEL INDIA BUSINESS SOLUTIONS P LTD']
2026-05-12 12:38:18,778 [INFO]   Fetched 523 KB
2026-05-12 12:38:18,919 [INFO]   Page size: 1008×612  Words:225  H-lines:0  V-lines:0
2026-05-12 12:38:18,920 [INFO]   Match words for 'MRS. ANITA RAHEJA': ['ANITA', 'RAHEJA']
2026-05-12 12:38:18,921 [INFO]   Match words for 'MR. SHIV RAHEJA': ['SHIV', 'RAHEJA']
2026-05-12 12:38:18,926 [INFO]   Match words for 'MR. DEEPAK RAHEJA': ['DEEPAK', 'RAHEJA']
2026-05-12 12:38:18,927 [INFO]   Match words for 'MR. ADITYA RAHEJA': ['ADITYA', 'RAHEJA']
2026-05-12 12:38:18,927 [INFO]   Match words for 'MUMBAI WTR PRIVATE LIMITED': ['MUMBAI', 'WTR', 'PRIVATE', 'LIMITED']
2026-05-12 12:38:18,928 [INFO]   Match words for 'CHANEL INDIA BUSINESS SOLUTIONS P LTD': ['CHANEL', 'INDIA', 'BUSINESS', 'SOLUTIONS', 'LTD']
2026-05-12 12:38:18,953 [INFO] PDF has 6 page(s) — trying table extraction
2026-05-12 12:38:19,082 [INFO]   Page 1: 1 table(s) found
2026-05-12 12:38:19,518 [INFO]   Page 2: 1 table(s) found
2026-05-12 12:38:19,943 [INFO]   Page 3: 1 table(s) found
2026-05-12 12:38:20,217 [INFO]   Page 4: 1 table(s) found
2026-05-12 12:38:20,493 [INFO]   Page 5: 1 table(s) found
2026-05-12 12:38:20,797 [INFO]   Page 6: 1 table(s) found
2026-05-12 12:38:20,799 [WARNING] Table extraction found nothing — trying word/X-position method
2026-05-12 12:38:22,640 [WARNING] Word method found nothing — falling back to plain-text line scan
2026-05-12 12:38:24,161 [INFO] Level 3 found 0 match(es)
2026-05-12 12:38:24,161 [INFO]   NOT FOUND in Cause list_22-04-2026.pdf: ['MRS. ANITA RAHEJA', 'MR. SHIV RAHEJA', 'MR. DEEPAK RAHEJA', 'MR. ADITYA RAHEJA', 'MUMBAI WTR PRIVATE LIMITED', 'CHANEL INDIA BUSINESS SOLUTIONS P LTD']
2026-05-12 12:38:24,164 [INFO]   No matches in: Cause list_22-04-2026.pdf
2026-05-12 12:38:24,166 [INFO] 
Processing: Daily_Cause_List Dated 22.04.2026.pdf (Cuttack Bench Court-I)
2026-05-12 12:38:24,169 [INFO]   Checking 6 client(s): ['MRS. ANITA RAHEJA', 'MR. SHIV RAHEJA', 'MR. DEEPAK RAHEJA', 'MR. ADITYA RAHEJA', 'MUMBAI WTR PRIVATE LIMITED', 'CHANEL INDIA BUSINESS SOLUTIONS P LTD']
2026-05-12 12:38:34,223 [INFO]   Fetched 5504 KB
2026-05-12 12:38:34,517 [INFO]   Page size: 842×595  Words:235  H-lines:0  V-lines:0
2026-05-12 12:38:34,519 [INFO]   Match words for 'MRS. ANITA RAHEJA': ['ANITA', 'RAHEJA']
2026-05-12 12:38:34,520 [INFO]   Match words for 'MR. SHIV RAHEJA': ['SHIV', 'RAHEJA']
2026-05-12 12:38:34,523 [INFO]   Match words for 'MR. DEEPAK RAHEJA': ['DEEPAK', 'RAHEJA']
2026-05-12 12:38:34,524 [INFO]   Match words for 'MR. ADITYA RAHEJA': ['ADITYA', 'RAHEJA']
2026-05-12 12:38:34,529 [INFO]   Match words for 'MUMBAI WTR PRIVATE LIMITED': ['MUMBAI', 'WTR', 'PRIVATE', 'LIMITED']
2026-05-12 12:38:34,530 [INFO]   Match words for 'CHANEL INDIA BUSINESS SOLUTIONS P LTD': ['CHANEL', 'INDIA', 'BUSINESS', 'SOLUTIONS', 'LTD']
2026-05-12 12:38:34,549 [INFO] PDF has 8 page(s) — trying table extraction
2026-05-12 12:38:34,786 [INFO]   Page 1: 0 table(s) found
2026-05-12 12:38:35,198 [INFO]   Page 2: 0 table(s) found
2026-05-12 12:38:35,594 [INFO]   Page 3: 0 table(s) found
2026-05-12 12:38:36,105 [INFO]   Page 4: 0 table(s) found
2026-05-12 12:38:36,466 [INFO]   Page 5: 0 table(s) found
2026-05-12 12:38:36,674 [INFO]   Page 6: 0 table(s) found
2026-05-12 12:38:36,819 [INFO]   Page 7: 0 table(s) found
2026-05-12 12:38:36,950 [INFO]   Page 8: 0 table(s) found
2026-05-12 12:38:36,951 [WARNING] Table extraction found nothing — trying word/X-position method
2026-05-12 12:38:38,254 [WARNING] Word method found nothing — falling back to plain-text line scan
2026-05-12 12:38:40,063 [INFO] Level 3 found 0 match(es)
2026-05-12 12:38:40,063 [INFO]   NOT FOUND in Daily_Cause_List Dated 22.04.2026.pdf: ['MRS. ANITA RAHEJA', 'MR. SHIV RAHEJA', 'MR. DEEPAK RAHEJA', 'MR. ADITYA RAHEJA', 'MUMBAI WTR PRIVATE LIMITED', 'CHANEL INDIA BUSINESS SOLUTIONS P LTD']
2026-05-12 12:38:40,064 [INFO]   No matches in: Daily_Cause_List Dated 22.04.2026.pdf
2026-05-12 12:38:40,066 [INFO] 
Processing: Bench-III Single Bench Cause List dated 22.04.2026.pdf (Kolkata Bench Court II)
2026-05-12 12:38:40,067 [INFO]   No clients mapped to 'Kolkata Bench Court II' — skipping
2026-05-12 12:38:40,072 [INFO] 
Processing: Bench-II Cause List dated 22.04.2026.pdf (Kolkata Bench Court II)
2026-05-12 12:38:40,073 [INFO]   No clients mapped to 'Kolkata Bench Court II' — skipping
2026-05-12 12:38:40,074 [INFO] 
Processing: C-III Special Bench 2 Cause list 22.04.2026.pdf (New Delhi Bench Court-III)
2026-05-12 12:38:40,075 [INFO]   No clients mapped to 'New Delhi Bench Court-III' — skipping
2026-05-12 12:38:40,076 [INFO] 
Processing: C-III Special Bench 1 Cause list 22.04.2026.pdf (New Delhi Bench Court-III)
2026-05-12 12:38:40,077 [INFO]   No clients mapped to 'New Delhi Bench Court-III' — skipping
2026-05-12 12:38:40,079 [INFO] 
Processing: C-III Single Bench Cause list 22.04.2026.pdf (New Delhi Bench Court-III)
2026-05-12 12:38:40,082 [INFO]   No clients mapped to 'New Delhi Bench Court-III' — skipping
2026-05-12 12:38:40,083 [INFO] 
Processing: C-IV Final Cause list 22.04.2026.pdf (New Delhi Bench Court-IV)
2026-05-12 12:38:40,084 [INFO]   No clients mapped to 'New Delhi Bench Court-IV' — skipping
2026-05-12 12:38:40,084 [INFO] 
Processing: Cause List 22.04.2026 COURT 5-MUMBAI BENCH_0.pdf (Mumbai Bench Court-V)
2026-05-12 12:38:40,086 [INFO]   Checking 5 client(s): ['ESSEL INFRAPROJECTS LIMITED', 'ATUL S BHARANI', 'KASHYAP MEHTA', 'MR. ATUL TANSUKHLAL MEHTA', 'MR. HEMANT JITENDRARAI MEHTA']
2026-05-12 12:38:42,832 [INFO]   Fetched 660 KB
2026-05-12 12:38:43,594 [INFO]   Page size: 842×595  Words:308  H-lines:0  V-lines:0
2026-05-12 12:38:43,595 [INFO]   Match words for 'ESSEL INFRAPROJECTS LIMITED': ['ESSEL', 'INFRAPROJECTS', 'LIMITED']
2026-05-12 12:38:43,597 [INFO]   Match words for 'ATUL S BHARANI': ['ATUL', 'BHARANI']
2026-05-12 12:38:43,599 [INFO]   Match words for 'KASHYAP MEHTA': ['KASHYAP', 'MEHTA']
2026-05-12 12:38:43,602 [INFO]   Match words for 'MR. ATUL TANSUKHLAL MEHTA': ['ATUL', 'TANSUKHLAL', 'MEHTA']
2026-05-12 12:38:43,602 [INFO]   Match words for 'MR. HEMANT JITENDRARAI MEHTA': ['HEMANT', 'JITENDRARAI', 'MEHTA']
2026-05-12 12:38:43,630 [INFO] PDF has 5 page(s) — trying table extraction
2026-05-12 12:38:44,663 [INFO]   Page 1: 1 table(s) found
2026-05-12 12:38:45,321 [INFO]   Page 2: 1 table(s) found
2026-05-12 12:38:46,146 [INFO]   Page 3: 1 table(s) found
2026-05-12 12:38:47,157 [INFO]   Page 4: 1 table(s) found
2026-05-12 12:38:48,227 [INFO]   Page 5: 1 table(s) found
2026-05-12 12:38:48,228 [WARNING] Table extraction found nothing — trying word/X-position method
2026-05-12 12:38:52,969 [WARNING] Word method found nothing — falling back to plain-text line scan
2026-05-12 12:38:56,786 [INFO] Level 3 found 0 match(es)
2026-05-12 12:38:56,787 [INFO]   NOT FOUND in Cause List 22.04.2026 COURT 5-MUMBAI BENCH_0.pdf: ['ESSEL INFRAPROJECTS LIMITED', 'ATUL S BHARANI', 'KASHYAP MEHTA', 'MR. ATUL TANSUKHLAL MEHTA', 'MR. HEMANT JITENDRARAI MEHTA']
2026-05-12 12:38:56,791 [INFO]   No matches in: Cause List 22.04.2026 COURT 5-MUMBAI BENCH_0.pdf
2026-05-12 12:38:56,796 [INFO] 
Processing: C-III Cause list 22.04.2026.pdf (New Delhi Bench Court-III)
2026-05-12 12:38:56,799 [INFO]   No clients mapped to 'New Delhi Bench Court-III' — skipping
2026-05-12 12:38:56,800 [INFO] 
Processing: Revised Cause List PB 22.04.2026.pdf (Principal Bench Court-I)
2026-05-12 12:38:56,802 [INFO]   Checking 6 client(s): ['MRS. ANITA RAHEJA', 'MR. SHIV RAHEJA', 'MR. DEEPAK RAHEJA', 'MR. ADITYA RAHEJA', 'MUMBAI WTR PRIVATE LIMITED', 'CHANEL INDIA BUSINESS SOLUTIONS P LTD']
2026-05-12 12:39:08,533 [INFO]   Fetched 411 KB
2026-05-12 12:39:08,848 [INFO]   Page size: 792×612  Words:227  H-lines:0  V-lines:0
2026-05-12 12:39:08,849 [INFO]   Match words for 'MRS. ANITA RAHEJA': ['ANITA', 'RAHEJA']
2026-05-12 12:39:08,850 [INFO]   Match words for 'MR. SHIV RAHEJA': ['SHIV', 'RAHEJA']
2026-05-12 12:39:08,854 [INFO]   Match words for 'MR. DEEPAK RAHEJA': ['DEEPAK', 'RAHEJA']
2026-05-12 12:39:08,854 [INFO]   Match words for 'MR. ADITYA RAHEJA': ['ADITYA', 'RAHEJA']
2026-05-12 12:39:08,856 [INFO]   Match words for 'MUMBAI WTR PRIVATE LIMITED': ['MUMBAI', 'WTR', 'PRIVATE', 'LIMITED']
2026-05-12 12:39:08,857 [INFO]   Match words for 'CHANEL INDIA BUSINESS SOLUTIONS P LTD': ['CHANEL', 'INDIA', 'BUSINESS', 'SOLUTIONS', 'LTD']
2026-05-12 12:39:08,876 [INFO] PDF has 14 page(s) — trying table extraction
2026-05-12 12:39:09,090 [INFO]   Page 1: 2 table(s) found
2026-05-12 12:39:09,635 [INFO]   Page 2: 1 table(s) found
2026-05-12 12:39:10,183 [INFO]   Page 3: 1 table(s) found
2026-05-12 12:39:10,834 [INFO]   Page 4: 1 table(s) found
2026-05-12 12:39:11,572 [INFO]   Page 5: 1 table(s) found
2026-05-12 12:39:12,037 [INFO]   Page 6: 1 table(s) found
2026-05-12 12:39:12,548 [INFO]   Page 7: 1 table(s) found
2026-05-12 12:39:13,047 [INFO]   Page 8: 1 table(s) found
2026-05-12 12:39:13,618 [INFO]   Page 9: 1 table(s) found
2026-05-12 12:39:14,247 [INFO]   Page 10: 1 table(s) found
2026-05-12 12:39:14,676 [INFO]   Page 11: 1 table(s) found
2026-05-12 12:39:15,005 [INFO]   Page 12: 1 table(s) found
2026-05-12 12:39:15,472 [INFO]   Page 13: 1 table(s) found
2026-05-12 12:39:15,721 [INFO]   Page 14: 1 table(s) found
2026-05-12 12:39:15,727 [WARNING] Table extraction found nothing — trying word/X-position method
2026-05-12 12:39:21,797 [WARNING] Word method found nothing — falling back to plain-text line scan
2026-05-12 12:39:27,504 [INFO] Level 3 found 0 match(es)
2026-05-12 12:39:27,505 [INFO]   NOT FOUND in Revised Cause List PB 22.04.2026.pdf: ['MRS. ANITA RAHEJA', 'MR. SHIV RAHEJA', 'MR. DEEPAK RAHEJA', 'MR. ADITYA RAHEJA', 'MUMBAI WTR PRIVATE LIMITED', 'CHANEL INDIA BUSINESS SOLUTIONS P LTD']
2026-05-12 12:39:27,507 [INFO]   No matches in: Revised Cause List PB 22.04.2026.pdf
2026-05-12 12:39:27,511 [INFO] 
Processing: 22.04.2026 Cause List.pdf (New Delhi Bench Court-II)
2026-05-12 12:39:27,513 [INFO]   No clients mapped to 'New Delhi Bench Court-II' — skipping
2026-05-12 12:39:27,514 [INFO] 
Processing: C-2 CAUSELIST 22.04.2026.pdf (Chennai Bench Court-II)
2026-05-12 12:39:27,516 [INFO]   No clients mapped to 'Chennai Bench Court-II' — skipping
2026-05-12 12:39:27,516 [INFO] 
Processing: Amaravati Special Bench Cause list - 22.04.2026.pdf (Amaravati Bench Court-I)
2026-05-12 12:39:27,518 [INFO]   Checking 6 client(s): ['MRS. ANITA RAHEJA', 'MR. SHIV RAHEJA', 'MR. DEEPAK RAHEJA', 'MR. ADITYA RAHEJA', 'MUMBAI WTR PRIVATE LIMITED', 'CHANEL INDIA BUSINESS SOLUTIONS P LTD']
2026-05-12 12:39:29,524 [INFO]   Fetched 899 KB
2026-05-12 12:39:30,021 [INFO]   Page size: 595×842  Words:412  H-lines:0  V-lines:0
2026-05-12 12:39:30,022 [INFO]   Match words for 'MRS. ANITA RAHEJA': ['ANITA', 'RAHEJA']
2026-05-12 12:39:30,023 [INFO]   Match words for 'MR. SHIV RAHEJA': ['SHIV', 'RAHEJA']
2026-05-12 12:39:30,024 [INFO]   Match words for 'MR. DEEPAK RAHEJA': ['DEEPAK', 'RAHEJA']
2026-05-12 12:39:30,028 [INFO]   Match words for 'MR. ADITYA RAHEJA': ['ADITYA', 'RAHEJA']
2026-05-12 12:39:30,029 [INFO]   Match words for 'MUMBAI WTR PRIVATE LIMITED': ['MUMBAI', 'WTR', 'PRIVATE', 'LIMITED']
2026-05-12 12:39:30,030 [INFO]   Match words for 'CHANEL INDIA BUSINESS SOLUTIONS P LTD': ['CHANEL', 'INDIA', 'BUSINESS', 'SOLUTIONS', 'LTD']
2026-05-12 12:39:30,038 [INFO] PDF has 5 page(s) — trying table extraction
2026-05-12 12:39:30,618 [INFO]   Page 1: 1 table(s) found
2026-05-12 12:39:30,933 [INFO]   Page 2: 1 table(s) found
2026-05-12 12:39:31,050 [INFO]   Page 3: 2 table(s) found
2026-05-12 12:39:31,414 [INFO]   Page 4: 1 table(s) found
2026-05-12 12:39:31,682 [INFO]   Page 5: 1 table(s) found
2026-05-12 12:39:31,683 [WARNING] Table extraction found nothing — trying word/X-position method
2026-05-12 12:39:33,422 [WARNING] Word method found nothing — falling back to plain-text line scan
2026-05-12 12:39:34,782 [INFO] Level 3 found 0 match(es)
2026-05-12 12:39:34,783 [INFO]   NOT FOUND in Amaravati Special Bench Cause list - 22.04.2026.pdf: ['MRS. ANITA RAHEJA', 'MR. SHIV RAHEJA', 'MR. DEEPAK RAHEJA', 'MR. ADITYA RAHEJA', 'MUMBAI WTR PRIVATE LIMITED', 'CHANEL INDIA BUSINESS SOLUTIONS P LTD']
2026-05-12 12:39:34,784 [INFO]   No matches in: Amaravati Special Bench Cause list - 22.04.2026.pdf
2026-05-12 12:39:34,785 [INFO] 
Processing: B-III_Cause List Dated 22.04.2026.pdf (Kolkata Bench Court-3)
2026-05-12 12:39:34,790 [INFO]   No clients mapped to 'Kolkata Bench Court-3' — skipping
2026-05-12 12:39:34,791 [INFO] 
Processing: B-I_Cause List Dated 22.04.2026.pdf (Kolkata Bench Court-I)
2026-05-12 12:39:34,792 [INFO]   No clients mapped to 'Kolkata Bench Court-I' — skipping
2026-05-12 12:39:34,792 [INFO] 
Processing: Cause list court-II 22.04.2026.pdf (Hyderabad Bench Court-II)
2026-05-12 12:39:34,795 [INFO]   No clients mapped to 'Hyderabad Bench Court-II' — skipping
2026-05-12 12:39:34,795 [INFO] 
Processing: 22-04-2026 Final IND Cause List.pdf (Indore Bench Court-I)
2026-05-12 12:39:34,797 [INFO]   Checking 6 client(s): ['MRS. ANITA RAHEJA', 'MR. SHIV RAHEJA', 'MR. DEEPAK RAHEJA', 'MR. ADITYA RAHEJA', 'MUMBAI WTR PRIVATE LIMITED', 'CHANEL INDIA BUSINESS SOLUTIONS P LTD']
2026-05-12 12:39:35,361 [INFO]   Fetched 108 KB
2026-05-12 12:39:35,634 [INFO]   Page size: 792×612  Words:226  H-lines:0  V-lines:0
2026-05-12 12:39:35,646 [INFO]   Match words for 'MRS. ANITA RAHEJA': ['ANITA', 'RAHEJA']
2026-05-12 12:39:35,647 [INFO]   Match words for 'MR. SHIV RAHEJA': ['SHIV', 'RAHEJA']
2026-05-12 12:39:35,652 [INFO]   Match words for 'MR. DEEPAK RAHEJA': ['DEEPAK', 'RAHEJA']
2026-05-12 12:39:35,653 [INFO]   Match words for 'MR. ADITYA RAHEJA': ['ADITYA', 'RAHEJA']
2026-05-12 12:39:35,654 [INFO]   Match words for 'MUMBAI WTR PRIVATE LIMITED': ['MUMBAI', 'WTR', 'PRIVATE', 'LIMITED']
2026-05-12 12:39:35,658 [INFO]   Match words for 'CHANEL INDIA BUSINESS SOLUTIONS P LTD': ['CHANEL', 'INDIA', 'BUSINESS', 'SOLUTIONS', 'LTD']
2026-05-12 12:39:35,686 [INFO] PDF has 6 page(s) — trying table extraction
2026-05-12 12:39:35,814 [INFO]   Page 1: 1 table(s) found
2026-05-12 12:39:36,169 [INFO]   Page 2: 1 table(s) found
2026-05-12 12:39:36,511 [INFO]   Page 3: 3 table(s) found
2026-05-12 12:39:36,848 [INFO]   Page 4: 1 table(s) found
2026-05-12 12:39:37,168 [INFO]   Page 5: 3 table(s) found
2026-05-12 12:39:37,360 [INFO]   Page 6: 1 table(s) found
2026-05-12 12:39:37,362 [WARNING] Table extraction found nothing — trying word/X-position method
2026-05-12 12:39:39,363 [WARNING] Word method found nothing — falling back to plain-text line scan
2026-05-12 12:39:40,763 [INFO] Level 3 found 0 match(es)
2026-05-12 12:39:40,763 [INFO]   NOT FOUND in 22-04-2026 Final IND Cause List.pdf: ['MRS. ANITA RAHEJA', 'MR. SHIV RAHEJA', 'MR. DEEPAK RAHEJA', 'MR. ADITYA RAHEJA', 'MUMBAI WTR PRIVATE LIMITED', 'CHANEL INDIA BUSINESS SOLUTIONS P LTD']
2026-05-12 12:39:40,765 [INFO]   No matches in: 22-04-2026 Final IND Cause List.pdf
2026-05-12 12:39:40,769 [INFO] 
Processing: DAILY CAUSE LIST - 22.04.2026.pdf (Kochi Bench Court-I)
2026-05-12 12:39:40,770 [INFO]   Checking 6 client(s): ['MRS. ANITA RAHEJA', 'MR. SHIV RAHEJA', 'MR. DEEPAK RAHEJA', 'MR. ADITYA RAHEJA', 'MUMBAI WTR PRIVATE LIMITED', 'CHANEL INDIA BUSINESS SOLUTIONS P LTD']
2026-05-12 12:39:43,579 [INFO]   Fetched 1160 KB
2026-05-12 12:39:43,839 [INFO]   Page size: 843×596  Words:227  H-lines:4  V-lines:3
2026-05-12 12:39:43,840 [INFO]   Match words for 'MRS. ANITA RAHEJA': ['ANITA', 'RAHEJA']
2026-05-12 12:39:43,841 [INFO]   Match words for 'MR. SHIV RAHEJA': ['SHIV', 'RAHEJA']
2026-05-12 12:39:43,844 [INFO]   Match words for 'MR. DEEPAK RAHEJA': ['DEEPAK', 'RAHEJA']
2026-05-12 12:39:43,846 [INFO]   Match words for 'MR. ADITYA RAHEJA': ['ADITYA', 'RAHEJA']
2026-05-12 12:39:43,846 [INFO]   Match words for 'MUMBAI WTR PRIVATE LIMITED': ['MUMBAI', 'WTR', 'PRIVATE', 'LIMITED']
2026-05-12 12:39:43,847 [INFO]   Match words for 'CHANEL INDIA BUSINESS SOLUTIONS P LTD': ['CHANEL', 'INDIA', 'BUSINESS', 'SOLUTIONS', 'LTD']
2026-05-12 12:39:43,858 [INFO] PDF has 7 page(s) — trying table extraction
2026-05-12 12:39:44,139 [INFO]   Page 1: 1 table(s) found
2026-05-12 12:39:44,621 [INFO]   Page 2: 1 table(s) found
2026-05-12 12:39:45,203 [INFO]   Page 3: 1 table(s) found
2026-05-12 12:39:45,860 [INFO]   Page 4: 1 table(s) found
2026-05-12 12:39:46,623 [INFO]   Page 5: 1 table(s) found
2026-05-12 12:39:47,159 [INFO]   Page 6: 1 table(s) found
2026-05-12 12:39:47,526 [INFO]   Page 7: 1 table(s) found
2026-05-12 12:39:47,527 [WARNING] Table extraction found nothing — trying word/X-position method
2026-05-12 12:39:51,236 [WARNING] Word method found nothing — falling back to plain-text line scan
2026-05-12 12:39:54,741 [INFO] Level 3 found 0 match(es)
2026-05-12 12:39:54,741 [INFO]   NOT FOUND in DAILY CAUSE LIST - 22.04.2026.pdf: ['MRS. ANITA RAHEJA', 'MR. SHIV RAHEJA', 'MR. DEEPAK RAHEJA', 'MR. ADITYA RAHEJA', 'MUMBAI WTR PRIVATE LIMITED', 'CHANEL INDIA BUSINESS SOLUTIONS P LTD']
2026-05-12 12:39:54,743 [INFO]   No matches in: DAILY CAUSE LIST - 22.04.2026.pdf
2026-05-12 12:39:54,744 [INFO] 
Processing: 22.04.2026 Mumbai Bench Court -1_0.pdf (Mumbai Bench Court-I)
2026-05-12 12:39:54,747 [INFO]   Checking 5 client(s): ['MRS. ANITA RAHEJA', 'MR. SHIV RAHEJA', 'MR. DEEPAK RAHEJA', 'MR. ADITYA RAHEJA', 'MUMBAI WTR PRIVATE LIMITED']
2026-05-12 12:39:56,166 [INFO]   Fetched 510 KB
2026-05-12 12:39:56,555 [INFO]   Page size: 842×596  Words:236  H-lines:0  V-lines:0
2026-05-12 12:39:56,556 [INFO]   Match words for 'MRS. ANITA RAHEJA': ['ANITA', 'RAHEJA']
2026-05-12 12:39:56,557 [INFO]   Match words for 'MR. SHIV RAHEJA': ['SHIV', 'RAHEJA']
2026-05-12 12:39:56,560 [INFO]   Match words for 'MR. DEEPAK RAHEJA': ['DEEPAK', 'RAHEJA']
2026-05-12 12:39:56,561 [INFO]   Match words for 'MR. ADITYA RAHEJA': ['ADITYA', 'RAHEJA']
2026-05-12 12:39:56,562 [INFO]   Match words for 'MUMBAI WTR PRIVATE LIMITED': ['MUMBAI', 'WTR', 'PRIVATE', 'LIMITED']
2026-05-12 12:39:56,590 [INFO] PDF has 9 page(s) — trying table extraction
2026-05-12 12:39:57,052 [INFO]   Page 1: 1 table(s) found
2026-05-12 12:39:57,618 [INFO]   Page 2: 1 table(s) found
2026-05-12 12:39:58,291 [INFO]   Page 3: 1 table(s) found
2026-05-12 12:39:59,004 [INFO]   Page 4: 1 table(s) found
2026-05-12 12:39:59,595 [INFO]   Page 5: 1 table(s) found
2026-05-12 12:40:00,141 [INFO]   Page 6: 1 table(s) found
2026-05-12 12:40:00,755 [INFO]   Page 7: 1 table(s) found
2026-05-12 12:40:01,296 [INFO]   Page 8: 1 table(s) found
2026-05-12 12:40:01,522 [INFO]   Page 9: 0 table(s) found
2026-05-12 12:40:01,522 [WARNING] Table extraction found nothing — trying word/X-position method
2026-05-12 12:40:06,858 [WARNING] Word method found nothing — falling back to plain-text line scan
2026-05-12 12:40:11,650 [INFO] Level 3 found 0 match(es)
2026-05-12 12:40:11,650 [INFO]   NOT FOUND in 22.04.2026 Mumbai Bench Court -1_0.pdf: ['MRS. ANITA RAHEJA', 'MR. SHIV RAHEJA', 'MR. DEEPAK RAHEJA', 'MR. ADITYA RAHEJA', 'MUMBAI WTR PRIVATE LIMITED']
2026-05-12 12:40:11,652 [INFO]   No matches in: 22.04.2026 Mumbai Bench Court -1_0.pdf
2026-05-12 12:40:11,655 [INFO] 
Processing: 22.04.2026 Court 2 _000455.pdf (Chandigarh Bench Court-II)
2026-05-12 12:40:11,656 [INFO]   No clients mapped to 'Chandigarh Bench Court-II' — skipping
2026-05-12 12:40:11,659 [INFO] 
Processing: court VI cause list 22.04.2026 SPECIAL BENCH.pdf (Mumbai Bench Court-VI)
2026-05-12 12:40:11,660 [INFO]   Checking 3 client(s): ['OKI INDIA PRIVATE LIMITED', 'SHROFF TEXTILES LIMITED', 'KAMLESH CORPORATION']
2026-05-12 12:40:12,328 [INFO]   Fetched 127 KB
2026-05-12 12:40:12,903 [INFO]   Page size: 842×596  Words:242  H-lines:0  V-lines:0
2026-05-12 12:40:12,904 [INFO]   Match words for 'OKI INDIA PRIVATE LIMITED': ['OKI', 'INDIA', 'PRIVATE', 'LIMITED']
2026-05-12 12:40:12,907 [INFO]   Match words for 'SHROFF TEXTILES LIMITED': ['SHROFF', 'TEXTILES', 'LIMITED']
2026-05-12 12:40:12,909 [INFO]   Match words for 'KAMLESH CORPORATION': ['KAMLESH', 'CORPORATION']
2026-05-12 12:40:12,921 [INFO] PDF has 7 page(s) — trying table extraction
2026-05-12 12:40:13,703 [INFO]   Page 1: 1 table(s) found
2026-05-12 12:40:14,373 [INFO]   Page 2: 1 table(s) found
2026-05-12 12:40:14,765 [INFO]   Page 3: 1 table(s) found
2026-05-12 12:40:15,305 [INFO]   Page 4: 1 table(s) found
2026-05-12 12:40:15,969 [INFO]   Page 5: 1 table(s) found
2026-05-12 12:40:16,441 [INFO]   Page 6: 1 table(s) found
2026-05-12 12:40:16,676 [INFO]   Page 7: 1 table(s) found
2026-05-12 12:40:16,676 [WARNING] Table extraction found nothing — trying word/X-position method
2026-05-12 12:40:19,961 [WARNING] Word method found nothing — falling back to plain-text line scan
2026-05-12 12:40:22,436 [INFO] Level 3 found 0 match(es)
2026-05-12 12:40:22,436 [INFO]   NOT FOUND in court VI cause list 22.04.2026 SPECIAL BENCH.pdf: ['OKI INDIA PRIVATE LIMITED', 'SHROFF TEXTILES LIMITED', 'KAMLESH CORPORATION']
2026-05-12 12:40:22,438 [INFO]   No matches in: court VI cause list 22.04.2026 SPECIAL BENCH.pdf
2026-05-12 12:40:22,441 [INFO] 
Processing: Causelist 22.04.2026.pdf (Guwahati Bench Court-I)
2026-05-12 12:40:22,442 [INFO]   Checking 6 client(s): ['MRS. ANITA RAHEJA', 'MR. SHIV RAHEJA', 'MR. DEEPAK RAHEJA', 'MR. ADITYA RAHEJA', 'MUMBAI WTR PRIVATE LIMITED', 'CHANEL INDIA BUSINESS SOLUTIONS P LTD']
2026-05-12 12:40:23,071 [INFO]   Fetched 114 KB
2026-05-12 12:40:23,223 [INFO]   Page size: 842×595  Words:228  H-lines:0  V-lines:0
2026-05-12 12:40:23,224 [INFO]   Match words for 'MRS. ANITA RAHEJA': ['ANITA', 'RAHEJA']
2026-05-12 12:40:23,226 [INFO]   Match words for 'MR. SHIV RAHEJA': ['SHIV', 'RAHEJA']
2026-05-12 12:40:23,229 [INFO]   Match words for 'MR. DEEPAK RAHEJA': ['DEEPAK', 'RAHEJA']
2026-05-12 12:40:23,232 [INFO]   Match words for 'MR. ADITYA RAHEJA': ['ADITYA', 'RAHEJA']
2026-05-12 12:40:23,233 [INFO]   Match words for 'MUMBAI WTR PRIVATE LIMITED': ['MUMBAI', 'WTR', 'PRIVATE', 'LIMITED']
2026-05-12 12:40:23,233 [INFO]   Match words for 'CHANEL INDIA BUSINESS SOLUTIONS P LTD': ['CHANEL', 'INDIA', 'BUSINESS', 'SOLUTIONS', 'LTD']
2026-05-12 12:40:23,242 [INFO] PDF has 4 page(s) — trying table extraction
2026-05-12 12:40:23,412 [INFO]   Page 1: 1 table(s) found
2026-05-12 12:40:23,831 [INFO]   Page 2: 1 table(s) found
2026-05-12 12:40:24,091 [INFO]   Page 3: 1 table(s) found
2026-05-12 12:40:24,161 [INFO]   Page 4: 1 table(s) found
2026-05-12 12:40:24,164 [WARNING] Table extraction found nothing — trying word/X-position method
2026-05-12 12:40:25,198 [WARNING] Word method found nothing — falling back to plain-text line scan
2026-05-12 12:40:25,909 [INFO] Level 3 found 0 match(es)
2026-05-12 12:40:25,909 [INFO]   NOT FOUND in Causelist 22.04.2026.pdf: ['MRS. ANITA RAHEJA', 'MR. SHIV RAHEJA', 'MR. DEEPAK RAHEJA', 'MR. ADITYA RAHEJA', 'MUMBAI WTR PRIVATE LIMITED', 'CHANEL INDIA BUSINESS SOLUTIONS P LTD']
2026-05-12 12:40:25,913 [INFO]   No matches in: Causelist 22.04.2026.pdf
2026-05-12 12:40:25,914 [INFO] 
Processing: 22.04.2026 CAUSE LIST-IV.pdf (Mumbai Bench Court-IV)
2026-05-12 12:40:25,915 [INFO]   Checking 1 client(s): ['CALYX LENORA REALTY LLP']
2026-05-12 12:40:27,098 [INFO]   Fetched 443 KB
2026-05-12 12:40:27,436 [INFO]   Page size: 843×597  Words:221  H-lines:0  V-lines:0
2026-05-12 12:40:27,438 [INFO]   Match words for 'CALYX LENORA REALTY LLP': ['CALYX', 'LENORA', 'REALTY', 'LLP']
2026-05-12 12:40:27,467 [INFO] PDF has 14 page(s) — trying table extraction
2026-05-12 12:40:27,773 [INFO]   Page 1: 1 table(s) found
2026-05-12 12:40:28,165 [INFO]   Page 2: 1 table(s) found
2026-05-12 12:40:28,564 [INFO]   Page 3: 1 table(s) found
2026-05-12 12:40:29,179 [INFO]   Page 4: 1 table(s) found
2026-05-12 12:40:29,520 [INFO]   Page 5: 1 table(s) found
2026-05-12 12:40:29,877 [INFO]   Page 6: 1 table(s) found
2026-05-12 12:40:30,393 [INFO]   Page 7: 1 table(s) found
2026-05-12 12:40:30,792 [INFO]   Page 8: 1 table(s) found
2026-05-12 12:40:31,156 [INFO]   Page 9: 1 table(s) found
2026-05-12 12:40:31,828 [INFO]   Page 10: 1 table(s) found
2026-05-12 12:40:32,179 [INFO]   Page 11: 1 table(s) found
2026-05-12 12:40:32,548 [INFO]   Page 12: 1 table(s) found
2026-05-12 12:40:32,903 [INFO]   Page 13: 1 table(s) found
2026-05-12 12:40:33,246 [INFO]   Page 14: 2 table(s) found
2026-05-12 12:40:33,247 [WARNING] Table extraction found nothing — trying word/X-position method
2026-05-12 12:40:39,409 [WARNING] Word method found nothing — falling back to plain-text line scan
2026-05-12 12:40:44,502 [INFO] Level 3 found 0 match(es)
2026-05-12 12:40:44,503 [INFO]   NOT FOUND in 22.04.2026 CAUSE LIST-IV.pdf: ['CALYX LENORA REALTY LLP']
2026-05-12 12:40:44,504 [INFO]   No matches in: 22.04.2026 CAUSE LIST-IV.pdf
2026-05-12 12:40:44,507 [INFO] 
Processing: Special Bench Cause list 22.04.2026.pdf (Hyderabad Bench Court-II)
2026-05-12 12:40:44,508 [INFO]   No clients mapped to 'Hyderabad Bench Court-II' — skipping
2026-05-12 12:40:44,509 [INFO] 
Processing: 22.04.2026 Court-1_20260421_0001.pdf (Chandigarh Bench Court-I)
2026-05-12 12:40:44,510 [INFO]   No clients mapped to 'Chandigarh Bench Court-I' — skipping
2026-05-12 12:40:44,922 [INFO] ============================================================
2026-05-12 12:40:44,923 [INFO] FOUND:     ['DEEPAK VIJAY BAGRA']
2026-05-12 12:40:44,925 [INFO] NOT FOUND: ['MRS. ANITA RAHEJA', 'MR. SHIV RAHEJA', 'MR. DEEPAK RAHEJA', 'MR. ADITYA RAHEJA', 'MUMBAI WTR PRIVATE LIMITED', 'ALKA RAJESH MIMANI', 'BHARAT MEHTA', 'LOK HOUSING & CONSTRUCTIONS LTD', 'CALYX LENORA REALTY LLP', 'ESSEL INFRAPROJECTS LIMITED', 'ATUL S BHARANI', 'KASHYAP MEHTA', 'MR. ATUL TANSUKHLAL MEHTA', 'MR. HEMANT JITENDRARAI MEHTA', 'OKI INDIA PRIVATE LIMITED', 'SHROFF TEXTILES LIMITED', 'KAMLESH CORPORATION', 'CHANEL INDIA BUSINESS SOLUTIONS P LTD']
2026-05-12 12:40:44,929 [INFO] DONE — 1 match(es). Sending combined alert email …
2026-05-12 12:40:46,462 [INFO] Email sent → ['tejashree@apmh.in']
2026-05-12 12:40:46,463 [INFO] ============================================================
2026-05-12 12:42:42,286 [INFO] BHC: using date format: 15/04/2026
2026-05-12 12:42:53,497 [INFO] BHC: causelistFinal loaded — https://bombayhighcourt.gov.in/bhc/causelistFinal
2026-05-12 12:42:53,594 [INFO] BHC: jQuery setDate result: 15-04-2026
2026-05-12 12:42:55,575 [INFO] BHC: keyboard type → value=15-04-2026
2026-05-12 12:42:55,913 [WARNING] BHC: used last-resort JS fill
2026-05-12 12:42:56,013 [INFO] BHC: search clicked via 'button.sendbtn'
2026-05-12 12:42:56,019 [INFO] BHC: waiting for AJAX table to load...
2026-05-12 12:42:57,052 [INFO] BHC poll 1/30 — rows=0 loading=False
2026-05-12 12:42:58,169 [INFO] BHC poll 2/30 — rows=0 loading=False
2026-05-12 12:42:59,204 [INFO] BHC poll 3/30 — rows=0 loading=False
2026-05-12 12:43:00,225 [INFO] BHC poll 4/30 — rows=0 loading=False
2026-05-12 12:43:01,251 [INFO] BHC poll 5/30 — rows=0 loading=False
2026-05-12 12:43:02,271 [INFO] BHC poll 6/30 — rows=0 loading=False
2026-05-12 12:43:05,284 [INFO] BHC: table — 0 rows, Entire Causelist col = -1, headers = []
2026-05-12 12:43:05,313 [ERROR] BHC: 0 rows — page text: HIGH COURT OF BOMBAY
BOMBAY  
SKIP TO MAIN CONTENT
ENGLISH  
 
SCREEN READER
High Court of Bombay

मुंबई उच्च न्यायालय

BHC Old Website
Home
About Us 
Judges 
Case Status 
Causelist 
Judgment 
Appointment 
District Courts 
Other Links 
Home
Services
Causelist
BOMBAY
PDF Causelist
Party
Advocate Name
Leave Note
PDF Causelist
 (Date :- Tuesday, 12th May 2026)
Date :
  Search

DISCLAIMER

THE CONTENTS OF THIS SITE DO NOT CONSTITUTE ADVICE AND SHOULD NOT BE RELIED UPON IN MAKING (OR REFRAINING FROM MAKING) ANY DECISION. GOVERNMENT OF INDIA, MINISTRY OF INFORMATION TECHNOLOGY, NATIONAL INFORMATICS 
2026-05-12 12:43:05,612 [ERROR] BHC: screenshot saved as bhc_no_rows.png
2026-05-12 12:43:07,395 [INFO] ✓ Email sent to ['tejashree@apmh.in']
2026-05-12 14:59:12,488 [INFO] ============================================================
2026-05-12 14:59:12,489 [INFO] NCLT Automation starting
2026-05-12 14:59:12,489 [INFO] Search date: 08/05/2026
2026-05-12 14:59:12,489 [INFO] Clients: ['MRS. ANITA RAHEJA', 'MR. SHIV RAHEJA', 'MR. DEEPAK RAHEJA', 'MR. ADITYA RAHEJA', 'MUMBAI WTR PRIVATE LIMITED', 'ALKA RAJESH MIMANI', 'DEEPAK VIJAY BAGRA', 'BHARAT MEHTA', 'LOK HOUSING & CONSTRUCTIONS LTD', 'CALYX LENORA REALTY LLP', 'ESSEL INFRAPROJECTS LIMITED', 'ATUL S BHARANI', 'KASHYAP MEHTA', 'MR. ATUL TANSUKHLAL MEHTA', 'MR. HEMANT JITENDRARAI MEHTA', 'OKI INDIA PRIVATE LIMITED', 'SHROFF TEXTILES LIMITED', 'KAMLESH CORPORATION', 'CHANEL INDIA BUSINESS SOLUTIONS P LTD']
2026-05-12 14:59:12,490 [INFO] ============================================================
2026-05-12 14:59:15,062 [INFO] Opening NCLT cause list page (attempt 1)…
2026-05-12 14:59:22,151 [INFO] Selecting 08/05/2026 in #edit-field-cause-date-value
2026-05-12 14:59:23,451 [INFO] Calendar header: 'May 2026'
2026-05-12 14:59:23,687 [INFO] Clicked day 8
2026-05-12 14:59:24,195 [INFO] Selecting 08/05/2026 in #edit-field-cause-date-value-1
2026-05-12 14:59:25,307 [INFO] Calendar header: 'May 2026'
2026-05-12 14:59:25,561 [INFO] Clicked day 8
2026-05-12 14:59:26,088 [INFO] Solving CAPTCHA …
2026-05-12 14:59:27,129 [INFO] CAPTCHA solved: 3 + 0 = 3
2026-05-12 14:59:27,246 [INFO] CAPTCHA answer: 3
2026-05-12 14:59:27,774 [INFO] Clicking Search …
2026-05-12 14:59:29,717 [INFO] Clicked search via #edit-submit-all-couse-list
2026-05-12 14:59:36,230 [INFO] Results URL: https://nclt.gov.in/all-couse-list?field_nclt_benches_list_target_id=All&field_cause_date_value=05%2F08%2F2026&field_cause_date_value_1=05%2F08%2F2026&captcha_sid=27406053&captcha_token=71_4YnN3y7LXQV2sAiQYIAcyEB8HvNQJZcyPmSocfWk&captcha_response=3
2026-05-12 14:59:36,265 [INFO] Cities we need PDFs for: {'mumbai', 'bengaluru', 'bangalore', 'bombay'}
2026-05-12 14:59:36,265 [INFO] Scraping results page 1 …
2026-05-12 14:59:36,299 [INFO]   Result rows on this page: 21
2026-05-12 14:59:36,387 [INFO]     PDF: court VI cause list 08.05.2026 Additional cause list.pdf | Mumbai Bench Court-VI | 08/05/2026
2026-05-12 14:59:36,445 [INFO]     PDF: SUPPLEMENTARY LIST 08.05.2026.pdf | Chennai Bench Court-II | 08/05/2026
2026-05-12 14:59:36,504 [INFO]     PDF: Supplementary Cause List Allahabad Bench 08.05.2026.pdf | Allahabad Bench Court-I | 08/05/2026
2026-05-12 14:59:36,561 [INFO]     PDF: Cause List PB 08.06.2026 P-8.pdf | Principal Bench Court-I | 08/05/2026
2026-05-12 14:59:36,619 [INFO]     PDF: Order dated 27.04.2026- NCLT Kolkata Bench- Court no. I on 08.05.2026.pdf | Kolkata Bench Court-I | 08/05/2026
2026-05-12 14:59:36,679 [INFO]     PDF: 08.05.2026 Court 2_000485.pdf | Chandigarh Bench Court-II | 08/05/2026
2026-05-12 14:59:36,751 [INFO]     PDF: Causelist 08.05.2026_0.pdf | Chennai Bench Court-I | 08/05/2026
2026-05-12 14:59:36,812 [INFO]     PDF: 08-05-2026 Court-1.pdf | Ahmedabad Bench Court-I | 08/05/2026
2026-05-12 14:59:36,874 [INFO]     PDF: Bench-II Cause List dated 08.05.2026.pdf | Kolkata Bench Court II | 08/05/2026
2026-05-12 14:59:36,935 [INFO]     PDF: Daily_Cause_List Dated 08.05.2026.pdf | Cuttack Bench Court-I | 08/05/2026
2026-05-12 14:59:36,999 [INFO]     PDF: Cause list_08-05-2026.pdf | Jaipur Bench Court-I | 08/05/2026
2026-05-12 14:59:37,061 [INFO]     PDF: 08.05.2026 Cause List Court 1 NCLT Hyd.pdf | Hyderabad Bench Court-I | 08/05/2026
2026-05-12 14:59:37,124 [INFO]     PDF: 08-05-2026 Final IND Cause List.pdf | Indore Bench Court-I | 08/05/2026
2026-05-12 14:59:37,195 [INFO]     PDF: Cause List Allahabad Bench 08.05.2026.pdf | Allahabad Bench Court-I | 08/05/2026
2026-05-12 14:59:37,255 [INFO]     PDF: 08.05.2026 CAUSE LIST C- II.pdf | Mumbai Bench Court-II | 08/05/2026
2026-05-12 14:59:37,315 [INFO]     PDF: Cause List Court- VI (08.05.2026).pdf | New Delhi Bench Court-VI | 08/05/2026
2026-05-12 14:59:37,375 [INFO]     PDF: C-IV Final Cause list 08.05.2026.pdf | New Delhi Bench Court-IV | 08/05/2026
2026-05-12 14:59:37,434 [INFO]     PDF: Cause list court-II 08.05.2026.pdf | Hyderabad Bench Court-II | 08/05/2026
2026-05-12 14:59:37,495 [INFO]     PDF: C-II CAUSELIST 08.05.2026.pdf | Chennai Bench Court-II | 08/05/2026
2026-05-12 14:59:37,561 [INFO]     PDF: Amaravati Bench Cause list - 08.05.2026.pdf | Amaravati Bench Court-I | 08/05/2026
2026-05-12 14:59:37,590 [INFO] Navigating to results page 2 …
2026-05-12 14:59:45,807 [INFO]   Result rows on this page: 18
2026-05-12 14:59:45,942 [INFO]     PDF: Cause List 08.05.2026 COURT 5-MUMBAI BENCH.pdf | Mumbai Bench Court-V | 08/05/2026
2026-05-12 14:59:46,006 [INFO]     PDF: 08.05.2026 Mumbai Bench Court -1.pdf | Mumbai Bench Court-I | 08/05/2026
2026-05-12 14:59:46,065 [INFO]     PDF: Special Bench Cause-List Court-V 08.05.2026.pdf | New Delhi Bench Court-V | 08/05/2026
2026-05-12 14:59:46,129 [INFO]     PDF: DAILY CAUSE LIST - 08.05.2026.pdf | Kochi Bench Court-I | 08/05/2026
2026-05-12 14:59:46,188 [INFO]     PDF: Cause-List Court-V 08.05.2026.pdf | New Delhi Bench Court-V | 08/05/2026
2026-05-12 14:59:46,248 [INFO]     PDF: DAILY CAUSE LIST - 08.05.2026 - SPECIAL BENCH.pdf | Kochi Bench Court-I | 08/05/2026
2026-05-12 14:59:46,332 [INFO]     PDF: 08.05.2026 Special banch.pdf | Bengaluru Bench Court-I | 08/05/2026
2026-05-12 14:59:46,388 [INFO]     PDF: Order dated 06.05.2026 regarding Constitution of Special Bench at NCLT Kochi Bench- For Pronouncement .pdf | Kochi Bench Court-I | 08/05/2026
2026-05-12 14:59:46,475 [INFO]     PDF: court VI cause list 08.05.2026.pdf | Mumbai Bench Court-VI | 08/05/2026
2026-05-12 14:59:46,534 [INFO]     PDF: 08-05-2026 Court-2.pdf | Ahmedabad Bench Court-II | 08/05/2026
2026-05-12 14:59:46,597 [INFO]     PDF: 08.05.2026 Cause List .pdf | New Delhi Bench Court-II | 08/05/2026
2026-05-12 14:59:46,662 [INFO]     PDF: C-III Cause list 08.05.2026.pdf | New Delhi Bench Court-III | 08/05/2026
2026-05-12 14:59:46,727 [INFO]     PDF: Causelist 08.05.2026.pdf | Guwahati Bench Court-I | 08/05/2026
2026-05-12 14:59:46,794 [INFO]     PDF: Supple 08.05.2026 Court-1_20260507_0001.pdf | Chandigarh Bench Court-I | 08/05/2026
2026-05-12 14:59:46,855 [INFO]     PDF: 08.05.2026 Court-1_20260507_0001.pdf | Chandigarh Bench Court-I | 08/05/2026
2026-05-12 14:59:46,915 [INFO]     PDF: 08.05.2026 CAUSE LIST-IV LIST-IV.pdf | Mumbai Bench Court-IV | 08/05/2026
2026-05-12 14:59:46,975 [INFO]     PDF: NCLT COURT - III MUMBAI BENCH CAUSE LIST ON 08.05.2026 Special Bench.pdf | Mumbai Bench Court-III | 08/05/2026
2026-05-12 14:59:47,008 [INFO] No more pagination pages found after page 2.
2026-05-12 14:59:47,008 [INFO] Total PDFs found across 2 result page(s): 37
2026-05-12 14:59:47,010 [INFO] 
Processing: court VI cause list 08.05.2026 Additional cause list.pdf (Mumbai Bench Court-VI)
2026-05-12 14:59:47,014 [INFO]   Checking 3 client(s): ['OKI INDIA PRIVATE LIMITED', 'SHROFF TEXTILES LIMITED', 'KAMLESH CORPORATION']
2026-05-12 14:59:47,595 [INFO]   Fetched 101 KB
2026-05-12 14:59:47,947 [INFO]   Page size: 842×596  Words:243  H-lines:0  V-lines:0
2026-05-12 14:59:47,948 [INFO]   Match words for 'OKI INDIA PRIVATE LIMITED': ['OKI', 'INDIA', 'PRIVATE', 'LIMITED']
2026-05-12 14:59:47,949 [INFO]   Match words for 'SHROFF TEXTILES LIMITED': ['SHROFF', 'TEXTILES', 'LIMITED']
2026-05-12 14:59:47,952 [INFO]   Match words for 'KAMLESH CORPORATION': ['KAMLESH', 'CORPORATION']
2026-05-12 14:59:47,957 [INFO] PDF has 2 page(s) — trying table extraction
2026-05-12 14:59:48,243 [INFO]   Page 1: 1 table(s) found
2026-05-12 14:59:48,423 [INFO]   Page 2: 1 table(s) found
2026-05-12 14:59:48,424 [WARNING] Table extraction found nothing — trying word/X-position method
2026-05-12 14:59:48,966 [WARNING] Word method found nothing — falling back to plain-text line scan
2026-05-12 14:59:49,422 [INFO] Level 3 found 0 match(es)
2026-05-12 14:59:49,423 [INFO]   NOT FOUND in court VI cause list 08.05.2026 Additional cause list.pdf: ['OKI INDIA PRIVATE LIMITED', 'SHROFF TEXTILES LIMITED', 'KAMLESH CORPORATION']
2026-05-12 14:59:49,428 [INFO]   No matches in: court VI cause list 08.05.2026 Additional cause list.pdf
2026-05-12 14:59:49,429 [INFO] 
Processing: SUPPLEMENTARY LIST 08.05.2026.pdf (Chennai Bench Court-II)
2026-05-12 14:59:49,430 [INFO]   No clients mapped to 'Chennai Bench Court-II' — skipping
2026-05-12 14:59:49,430 [INFO] 
Processing: Supplementary Cause List Allahabad Bench 08.05.2026.pdf (Allahabad Bench Court-I)
2026-05-12 14:59:49,431 [INFO]   No clients mapped to 'Allahabad Bench Court-I' — skipping
2026-05-12 14:59:49,432 [INFO] 
Processing: Cause List PB 08.06.2026 P-8.pdf (Principal Bench Court-I)
2026-05-12 14:59:49,433 [INFO]   Checking 6 client(s): ['MRS. ANITA RAHEJA', 'MR. SHIV RAHEJA', 'MR. DEEPAK RAHEJA', 'MR. ADITYA RAHEJA', 'MUMBAI WTR PRIVATE LIMITED', 'CHANEL INDIA BUSINESS SOLUTIONS P LTD']
2026-05-12 14:59:50,279 [INFO]   Fetched 376 KB
2026-05-12 14:59:50,531 [INFO]   Page size: 792×612  Words:227  H-lines:0  V-lines:0
2026-05-12 14:59:50,533 [INFO]   Match words for 'MRS. ANITA RAHEJA': ['ANITA', 'RAHEJA']
2026-05-12 14:59:50,534 [INFO]   Match words for 'MR. SHIV RAHEJA': ['SHIV', 'RAHEJA']
2026-05-12 14:59:50,535 [INFO]   Match words for 'MR. DEEPAK RAHEJA': ['DEEPAK', 'RAHEJA']
2026-05-12 14:59:50,538 [INFO]   Match words for 'MR. ADITYA RAHEJA': ['ADITYA', 'RAHEJA']
2026-05-12 14:59:50,540 [INFO]   Match words for 'MUMBAI WTR PRIVATE LIMITED': ['MUMBAI', 'WTR', 'PRIVATE', 'LIMITED']
2026-05-12 14:59:50,541 [INFO]   Match words for 'CHANEL INDIA BUSINESS SOLUTIONS P LTD': ['CHANEL', 'INDIA', 'BUSINESS', 'SOLUTIONS', 'LTD']
2026-05-12 14:59:50,549 [INFO] PDF has 8 page(s) — trying table extraction
2026-05-12 14:59:50,671 [INFO]   Page 1: 2 table(s) found
2026-05-12 14:59:50,874 [INFO]   Page 2: 1 table(s) found
2026-05-12 14:59:51,047 [INFO]   Page 3: 1 table(s) found
2026-05-12 14:59:51,210 [INFO]   Page 4: 1 table(s) found
2026-05-12 14:59:51,390 [INFO]   Page 5: 1 table(s) found
2026-05-12 14:59:51,582 [INFO]   Page 6: 1 table(s) found
2026-05-12 14:59:51,771 [INFO]   Page 7: 1 table(s) found
2026-05-12 14:59:51,772 [INFO]   [TABLE] MATCH 'MR. ADITYA RAHEJA' row 4
2026-05-12 14:59:51,820 [INFO]   Page 8: 1 table(s) found
2026-05-12 14:59:51,821 [INFO] Level 1 found 1 match(es)
2026-05-12 14:59:51,822 [INFO]   NOT FOUND in Cause List PB 08.06.2026 P-8.pdf: ['MRS. ANITA RAHEJA', 'MR. SHIV RAHEJA', 'MR. DEEPAK RAHEJA', 'MUMBAI WTR PRIVATE LIMITED', 'CHANEL INDIA BUSINESS SOLUTIONS P LTD']
2026-05-12 14:59:51,825 [INFO]   *** 1 MATCH(ES) ***
2026-05-12 14:59:51,826 [INFO] 
Processing: Order dated 27.04.2026- NCLT Kolkata Bench- Court no. I on 08.05.2026.pdf (Kolkata Bench Court-I)
2026-05-12 14:59:51,827 [INFO]   No clients mapped to 'Kolkata Bench Court-I' — skipping
2026-05-12 14:59:51,828 [INFO] 
Processing: 08.05.2026 Court 2_000485.pdf (Chandigarh Bench Court-II)
2026-05-12 14:59:51,829 [INFO]   No clients mapped to 'Chandigarh Bench Court-II' — skipping
2026-05-12 14:59:51,829 [INFO] 
Processing: Causelist 08.05.2026_0.pdf (Chennai Bench Court-I)
2026-05-12 14:59:51,830 [INFO]   No clients mapped to 'Chennai Bench Court-I' — skipping
2026-05-12 14:59:51,831 [INFO] 
Processing: 08-05-2026 Court-1.pdf (Ahmedabad Bench Court-I)
2026-05-12 14:59:51,835 [INFO]   No clients mapped to 'Ahmedabad Bench Court-I' — skipping
2026-05-12 14:59:51,837 [INFO] 
Processing: Bench-II Cause List dated 08.05.2026.pdf (Kolkata Bench Court II)
2026-05-12 14:59:51,838 [INFO]   No clients mapped to 'Kolkata Bench Court II' — skipping
2026-05-12 14:59:51,838 [INFO] 
Processing: Daily_Cause_List Dated 08.05.2026.pdf (Cuttack Bench Court-I)
2026-05-12 14:59:51,840 [INFO]   Checking 6 client(s): ['MRS. ANITA RAHEJA', 'MR. SHIV RAHEJA', 'MR. DEEPAK RAHEJA', 'MR. ADITYA RAHEJA', 'MUMBAI WTR PRIVATE LIMITED', 'CHANEL INDIA BUSINESS SOLUTIONS P LTD']
2026-05-12 14:59:59,309 [INFO]   Fetched 9771 KB
2026-05-12 14:59:59,417 [INFO]   Page size: 842×595  Words:237  H-lines:0  V-lines:0
2026-05-12 14:59:59,418 [INFO]   Match words for 'MRS. ANITA RAHEJA': ['ANITA', 'RAHEJA']
2026-05-12 14:59:59,419 [INFO]   Match words for 'MR. SHIV RAHEJA': ['SHIV', 'RAHEJA']
2026-05-12 14:59:59,422 [INFO]   Match words for 'MR. DEEPAK RAHEJA': ['DEEPAK', 'RAHEJA']
2026-05-12 14:59:59,423 [INFO]   Match words for 'MR. ADITYA RAHEJA': ['ADITYA', 'RAHEJA']
2026-05-12 14:59:59,424 [INFO]   Match words for 'MUMBAI WTR PRIVATE LIMITED': ['MUMBAI', 'WTR', 'PRIVATE', 'LIMITED']
2026-05-12 14:59:59,425 [INFO]   Match words for 'CHANEL INDIA BUSINESS SOLUTIONS P LTD': ['CHANEL', 'INDIA', 'BUSINESS', 'SOLUTIONS', 'LTD']
2026-05-12 14:59:59,439 [INFO] PDF has 14 page(s) — trying table extraction
2026-05-12 14:59:59,528 [INFO]   Page 1: 0 table(s) found
2026-05-12 14:59:59,621 [INFO]   Page 2: 0 table(s) found
2026-05-12 14:59:59,756 [INFO]   Page 3: 0 table(s) found
2026-05-12 14:59:59,902 [INFO]   Page 4: 0 table(s) found
2026-05-12 15:00:00,059 [INFO]   Page 5: 0 table(s) found
2026-05-12 15:00:00,282 [INFO]   Page 6: 0 table(s) found
2026-05-12 15:00:00,425 [INFO]   Page 7: 0 table(s) found
2026-05-12 15:00:00,554 [INFO]   Page 8: 0 table(s) found
2026-05-12 15:00:00,680 [INFO]   Page 9: 0 table(s) found
2026-05-12 15:00:00,771 [INFO]   Page 10: 0 table(s) found
2026-05-12 15:00:00,903 [INFO]   Page 11: 0 table(s) found
2026-05-12 15:00:01,010 [INFO]   Page 12: 0 table(s) found
2026-05-12 15:00:01,139 [INFO]   Page 13: 0 table(s) found
2026-05-12 15:00:01,235 [INFO]   Page 14: 0 table(s) found
2026-05-12 15:00:01,236 [WARNING] Table extraction found nothing — trying word/X-position method
2026-05-12 15:00:02,953 [WARNING] Word method found nothing — falling back to plain-text line scan
2026-05-12 15:00:04,834 [INFO] Level 3 found 0 match(es)
2026-05-12 15:00:04,834 [INFO]   NOT FOUND in Daily_Cause_List Dated 08.05.2026.pdf: ['MRS. ANITA RAHEJA', 'MR. SHIV RAHEJA', 'MR. DEEPAK RAHEJA', 'MR. ADITYA RAHEJA', 'MUMBAI WTR PRIVATE LIMITED', 'CHANEL INDIA BUSINESS SOLUTIONS P LTD']
2026-05-12 15:00:04,835 [INFO]   No matches in: Daily_Cause_List Dated 08.05.2026.pdf
2026-05-12 15:00:04,836 [INFO] 
Processing: Cause list_08-05-2026.pdf (Jaipur Bench Court-I)
2026-05-12 15:00:04,840 [INFO]   Checking 6 client(s): ['MRS. ANITA RAHEJA', 'MR. SHIV RAHEJA', 'MR. DEEPAK RAHEJA', 'MR. ADITYA RAHEJA', 'MUMBAI WTR PRIVATE LIMITED', 'CHANEL INDIA BUSINESS SOLUTIONS P LTD']
2026-05-12 15:00:05,774 [INFO]   Fetched 684 KB
2026-05-12 15:00:06,166 [INFO]   Page size: 1008×612  Words:225  H-lines:0  V-lines:0
2026-05-12 15:00:06,167 [INFO]   Match words for 'MRS. ANITA RAHEJA': ['ANITA', 'RAHEJA']
2026-05-12 15:00:06,168 [INFO]   Match words for 'MR. SHIV RAHEJA': ['SHIV', 'RAHEJA']
2026-05-12 15:00:06,169 [INFO]   Match words for 'MR. DEEPAK RAHEJA': ['DEEPAK', 'RAHEJA']
2026-05-12 15:00:06,173 [INFO]   Match words for 'MR. ADITYA RAHEJA': ['ADITYA', 'RAHEJA']
2026-05-12 15:00:06,174 [INFO]   Match words for 'MUMBAI WTR PRIVATE LIMITED': ['MUMBAI', 'WTR', 'PRIVATE', 'LIMITED']
2026-05-12 15:00:06,175 [INFO]   Match words for 'CHANEL INDIA BUSINESS SOLUTIONS P LTD': ['CHANEL', 'INDIA', 'BUSINESS', 'SOLUTIONS', 'LTD']
2026-05-12 15:00:06,377 [INFO] PDF has 13 page(s) — trying table extraction
2026-05-12 15:00:06,528 [INFO]   Page 1: 1 table(s) found
2026-05-12 15:00:06,709 [INFO]   Page 2: 1 table(s) found
2026-05-12 15:00:06,896 [INFO]   Page 3: 1 table(s) found
2026-05-12 15:00:07,034 [INFO]   Page 4: 1 table(s) found
2026-05-12 15:00:07,207 [INFO]   Page 5: 1 table(s) found
2026-05-12 15:00:07,414 [INFO]   Page 6: 1 table(s) found
2026-05-12 15:00:07,620 [INFO]   Page 7: 1 table(s) found
2026-05-12 15:00:07,787 [INFO]   Page 8: 1 table(s) found
2026-05-12 15:00:07,965 [INFO]   Page 9: 1 table(s) found
2026-05-12 15:00:08,159 [INFO]   Page 10: 1 table(s) found
2026-05-12 15:00:08,316 [INFO]   Page 11: 1 table(s) found
2026-05-12 15:00:08,362 [INFO]   Page 12: 1 table(s) found
2026-05-12 15:00:08,449 [INFO]   Page 13: 0 table(s) found
2026-05-12 15:00:08,452 [WARNING] Table extraction found nothing — trying word/X-position method
2026-05-12 15:00:10,898 [WARNING] Word method found nothing — falling back to plain-text line scan
2026-05-12 15:00:13,066 [INFO] Level 3 found 0 match(es)
2026-05-12 15:00:13,066 [INFO]   NOT FOUND in Cause list_08-05-2026.pdf: ['MRS. ANITA RAHEJA', 'MR. SHIV RAHEJA', 'MR. DEEPAK RAHEJA', 'MR. ADITYA RAHEJA', 'MUMBAI WTR PRIVATE LIMITED', 'CHANEL INDIA BUSINESS SOLUTIONS P LTD']
2026-05-12 15:00:13,068 [INFO]   No matches in: Cause list_08-05-2026.pdf
2026-05-12 15:00:13,071 [INFO] 
Processing: 08.05.2026 Cause List Court 1 NCLT Hyd.pdf (Hyderabad Bench Court-I)
2026-05-12 15:00:13,072 [INFO]   No clients mapped to 'Hyderabad Bench Court-I' — skipping
2026-05-12 15:00:13,073 [INFO] 
Processing: 08-05-2026 Final IND Cause List.pdf (Indore Bench Court-I)
2026-05-12 15:00:13,074 [INFO]   Checking 6 client(s): ['MRS. ANITA RAHEJA', 'MR. SHIV RAHEJA', 'MR. DEEPAK RAHEJA', 'MR. ADITYA RAHEJA', 'MUMBAI WTR PRIVATE LIMITED', 'CHANEL INDIA BUSINESS SOLUTIONS P LTD']
2026-05-12 15:00:13,326 [INFO]   Fetched 108 KB
2026-05-12 15:00:13,488 [INFO]   Page size: 792×612  Words:226  H-lines:0  V-lines:0
2026-05-12 15:00:13,489 [INFO]   Match words for 'MRS. ANITA RAHEJA': ['ANITA', 'RAHEJA']
2026-05-12 15:00:13,490 [INFO]   Match words for 'MR. SHIV RAHEJA': ['SHIV', 'RAHEJA']
2026-05-12 15:00:13,491 [INFO]   Match words for 'MR. DEEPAK RAHEJA': ['DEEPAK', 'RAHEJA']
2026-05-12 15:00:13,495 [INFO]   Match words for 'MR. ADITYA RAHEJA': ['ADITYA', 'RAHEJA']
2026-05-12 15:00:13,495 [INFO]   Match words for 'MUMBAI WTR PRIVATE LIMITED': ['MUMBAI', 'WTR', 'PRIVATE', 'LIMITED']
2026-05-12 15:00:13,496 [INFO]   Match words for 'CHANEL INDIA BUSINESS SOLUTIONS P LTD': ['CHANEL', 'INDIA', 'BUSINESS', 'SOLUTIONS', 'LTD']
2026-05-12 15:00:13,503 [INFO] PDF has 6 page(s) — trying table extraction
2026-05-12 15:00:13,593 [INFO]   Page 1: 1 table(s) found
2026-05-12 15:00:13,843 [INFO]   Page 2: 1 table(s) found
2026-05-12 15:00:14,045 [INFO]   Page 3: 1 table(s) found
2026-05-12 15:00:14,287 [INFO]   Page 4: 1 table(s) found
2026-05-12 15:00:14,486 [INFO]   Page 5: 1 table(s) found
2026-05-12 15:00:14,615 [INFO]   Page 6: 1 table(s) found
2026-05-12 15:00:14,616 [WARNING] Table extraction found nothing — trying word/X-position method
2026-05-12 15:00:15,918 [WARNING] Word method found nothing — falling back to plain-text line scan
2026-05-12 15:00:16,898 [INFO] Level 3 found 0 match(es)
2026-05-12 15:00:16,899 [INFO]   NOT FOUND in 08-05-2026 Final IND Cause List.pdf: ['MRS. ANITA RAHEJA', 'MR. SHIV RAHEJA', 'MR. DEEPAK RAHEJA', 'MR. ADITYA RAHEJA', 'MUMBAI WTR PRIVATE LIMITED', 'CHANEL INDIA BUSINESS SOLUTIONS P LTD']
2026-05-12 15:00:16,904 [INFO]   No matches in: 08-05-2026 Final IND Cause List.pdf
2026-05-12 15:00:16,905 [INFO] 
Processing: Cause List Allahabad Bench 08.05.2026.pdf (Allahabad Bench Court-I)
2026-05-12 15:00:16,906 [INFO]   No clients mapped to 'Allahabad Bench Court-I' — skipping
2026-05-12 15:00:16,907 [INFO] 
Processing: 08.05.2026 CAUSE LIST C- II.pdf (Mumbai Bench Court-II)
2026-05-12 15:00:16,908 [INFO]   Checking 3 client(s): ['ALKA RAJESH MIMANI', 'DEEPAK VIJAY BAGRA', 'BHARAT MEHTA']
2026-05-12 15:00:17,428 [INFO]   Fetched 522 KB
2026-05-12 15:00:17,887 [INFO]   Page size: 842×595  Words:270  H-lines:0  V-lines:0
2026-05-12 15:00:17,889 [INFO]   Match words for 'ALKA RAJESH MIMANI': ['ALKA', 'RAJESH', 'MIMANI']
2026-05-12 15:00:17,890 [INFO]   Match words for 'DEEPAK VIJAY BAGRA': ['DEEPAK', 'VIJAY', 'BAGRA']
2026-05-12 15:00:17,893 [INFO]   Match words for 'BHARAT MEHTA': ['BHARAT', 'MEHTA']
2026-05-12 15:00:17,913 [INFO] PDF has 11 page(s) — trying table extraction
2026-05-12 15:00:18,252 [INFO]   Page 1: 1 table(s) found
2026-05-12 15:00:18,718 [INFO]   Page 2: 1 table(s) found
2026-05-12 15:00:19,191 [INFO]   Page 3: 1 table(s) found
2026-05-12 15:00:19,561 [INFO]   Page 4: 1 table(s) found
2026-05-12 15:00:19,867 [INFO]   Page 5: 1 table(s) found
2026-05-12 15:00:20,040 [INFO]   Page 6: 1 table(s) found
2026-05-12 15:00:20,340 [INFO]   Page 7: 1 table(s) found
2026-05-12 15:00:20,559 [INFO]   Page 8: 1 table(s) found
2026-05-12 15:00:20,812 [INFO]   Page 9: 1 table(s) found
2026-05-12 15:00:21,144 [INFO]   Page 10: 1 table(s) found
2026-05-12 15:00:21,267 [INFO]   Page 11: 1 table(s) found
2026-05-12 15:00:21,268 [WARNING] Table extraction found nothing — trying word/X-position method
2026-05-12 15:00:24,922 [WARNING] Word method found nothing — falling back to plain-text line scan
2026-05-12 15:00:27,930 [INFO] Level 3 found 0 match(es)
2026-05-12 15:00:27,930 [INFO]   NOT FOUND in 08.05.2026 CAUSE LIST C- II.pdf: ['ALKA RAJESH MIMANI', 'DEEPAK VIJAY BAGRA', 'BHARAT MEHTA']
2026-05-12 15:00:27,932 [INFO]   No matches in: 08.05.2026 CAUSE LIST C- II.pdf
2026-05-12 15:00:27,935 [INFO] 
Processing: Cause List Court- VI (08.05.2026).pdf (New Delhi Bench Court-VI)
2026-05-12 15:00:27,937 [INFO]   No clients mapped to 'New Delhi Bench Court-VI' — skipping
2026-05-12 15:00:27,937 [INFO] 
Processing: C-IV Final Cause list 08.05.2026.pdf (New Delhi Bench Court-IV)
2026-05-12 15:00:27,938 [INFO]   No clients mapped to 'New Delhi Bench Court-IV' — skipping
2026-05-12 15:00:27,939 [INFO] 
Processing: Cause list court-II 08.05.2026.pdf (Hyderabad Bench Court-II)
2026-05-12 15:00:27,940 [INFO]   No clients mapped to 'Hyderabad Bench Court-II' — skipping
2026-05-12 15:00:27,941 [INFO] 
Processing: C-II CAUSELIST 08.05.2026.pdf (Chennai Bench Court-II)
2026-05-12 15:00:27,942 [INFO]   No clients mapped to 'Chennai Bench Court-II' — skipping
2026-05-12 15:00:27,943 [INFO] 
Processing: Amaravati Bench Cause list - 08.05.2026.pdf (Amaravati Bench Court-I)
2026-05-12 15:00:27,944 [INFO]   Checking 6 client(s): ['MRS. ANITA RAHEJA', 'MR. SHIV RAHEJA', 'MR. DEEPAK RAHEJA', 'MR. ADITYA RAHEJA', 'MUMBAI WTR PRIVATE LIMITED', 'CHANEL INDIA BUSINESS SOLUTIONS P LTD']
2026-05-12 15:00:28,819 [INFO]   Fetched 900 KB
2026-05-12 15:00:29,127 [INFO]   Page size: 595×842  Words:412  H-lines:0  V-lines:0
2026-05-12 15:00:29,128 [INFO]   Match words for 'MRS. ANITA RAHEJA': ['ANITA', 'RAHEJA']
2026-05-12 15:00:29,129 [INFO]   Match words for 'MR. SHIV RAHEJA': ['SHIV', 'RAHEJA']
2026-05-12 15:00:29,130 [INFO]   Match words for 'MR. DEEPAK RAHEJA': ['DEEPAK', 'RAHEJA']
2026-05-12 15:00:29,134 [INFO]   Match words for 'MR. ADITYA RAHEJA': ['ADITYA', 'RAHEJA']
2026-05-12 15:00:29,135 [INFO]   Match words for 'MUMBAI WTR PRIVATE LIMITED': ['MUMBAI', 'WTR', 'PRIVATE', 'LIMITED']
2026-05-12 15:00:29,136 [INFO]   Match words for 'CHANEL INDIA BUSINESS SOLUTIONS P LTD': ['CHANEL', 'INDIA', 'BUSINESS', 'SOLUTIONS', 'LTD']
2026-05-12 15:00:29,143 [INFO] PDF has 5 page(s) — trying table extraction
2026-05-12 15:00:29,560 [INFO]   Page 1: 1 table(s) found
2026-05-12 15:00:29,771 [INFO]   Page 2: 1 table(s) found
2026-05-12 15:00:29,863 [INFO]   Page 3: 2 table(s) found
2026-05-12 15:00:30,136 [INFO]   Page 4: 1 table(s) found
2026-05-12 15:00:30,258 [INFO]   Page 5: 1 table(s) found
2026-05-12 15:00:30,259 [WARNING] Table extraction found nothing — trying word/X-position method
2026-05-12 15:00:31,220 [WARNING] Word method found nothing — falling back to plain-text line scan
2026-05-12 15:00:32,151 [INFO] Level 3 found 0 match(es)
2026-05-12 15:00:32,151 [INFO]   NOT FOUND in Amaravati Bench Cause list - 08.05.2026.pdf: ['MRS. ANITA RAHEJA', 'MR. SHIV RAHEJA', 'MR. DEEPAK RAHEJA', 'MR. ADITYA RAHEJA', 'MUMBAI WTR PRIVATE LIMITED', 'CHANEL INDIA BUSINESS SOLUTIONS P LTD']
2026-05-12 15:00:32,153 [INFO]   No matches in: Amaravati Bench Cause list - 08.05.2026.pdf
2026-05-12 15:00:32,156 [INFO] 
Processing: Cause List 08.05.2026 COURT 5-MUMBAI BENCH.pdf (Mumbai Bench Court-V)
2026-05-12 15:00:32,157 [INFO]   Checking 5 client(s): ['ESSEL INFRAPROJECTS LIMITED', 'ATUL S BHARANI', 'KASHYAP MEHTA', 'MR. ATUL TANSUKHLAL MEHTA', 'MR. HEMANT JITENDRARAI MEHTA']
2026-05-12 15:00:32,568 [INFO]   Fetched 644 KB
2026-05-12 15:00:32,997 [INFO]   Page size: 842×595  Words:273  H-lines:0  V-lines:0
2026-05-12 15:00:32,998 [INFO]   Match words for 'ESSEL INFRAPROJECTS LIMITED': ['ESSEL', 'INFRAPROJECTS', 'LIMITED']
2026-05-12 15:00:32,999 [INFO]   Match words for 'ATUL S BHARANI': ['ATUL', 'BHARANI']
2026-05-12 15:00:33,002 [INFO]   Match words for 'KASHYAP MEHTA': ['KASHYAP', 'MEHTA']
2026-05-12 15:00:33,004 [INFO]   Match words for 'MR. ATUL TANSUKHLAL MEHTA': ['ATUL', 'TANSUKHLAL', 'MEHTA']
2026-05-12 15:00:33,005 [INFO]   Match words for 'MR. HEMANT JITENDRARAI MEHTA': ['HEMANT', 'JITENDRARAI', 'MEHTA']
2026-05-12 15:00:33,019 [INFO] PDF has 9 page(s) — trying table extraction
2026-05-12 15:00:33,455 [INFO]   Page 1: 1 table(s) found
2026-05-12 15:00:33,835 [INFO]   Page 2: 1 table(s) found
2026-05-12 15:00:34,166 [INFO]   Page 3: 1 table(s) found
2026-05-12 15:00:34,433 [INFO]   Page 4: 1 table(s) found
2026-05-12 15:00:34,730 [INFO]   Page 5: 1 table(s) found
2026-05-12 15:00:35,028 [INFO]   Page 6: 1 table(s) found
2026-05-12 15:00:35,330 [INFO]   Page 7: 1 table(s) found
2026-05-12 15:00:35,756 [INFO]   Page 8: 1 table(s) found
2026-05-12 15:00:35,886 [INFO]   Page 9: 1 table(s) found
2026-05-12 15:00:35,887 [WARNING] Table extraction found nothing — trying word/X-position method
2026-05-12 15:00:39,233 [WARNING] Word method found nothing — falling back to plain-text line scan
2026-05-12 15:00:42,146 [INFO] Level 3 found 0 match(es)
2026-05-12 15:00:42,146 [INFO]   NOT FOUND in Cause List 08.05.2026 COURT 5-MUMBAI BENCH.pdf: ['ESSEL INFRAPROJECTS LIMITED', 'ATUL S BHARANI', 'KASHYAP MEHTA', 'MR. ATUL TANSUKHLAL MEHTA', 'MR. HEMANT JITENDRARAI MEHTA']
2026-05-12 15:00:42,147 [INFO]   No matches in: Cause List 08.05.2026 COURT 5-MUMBAI BENCH.pdf
2026-05-12 15:00:42,151 [INFO] 
Processing: 08.05.2026 Mumbai Bench Court -1.pdf (Mumbai Bench Court-I)
2026-05-12 15:00:42,153 [INFO]   Checking 5 client(s): ['MRS. ANITA RAHEJA', 'MR. SHIV RAHEJA', 'MR. DEEPAK RAHEJA', 'MR. ADITYA RAHEJA', 'MUMBAI WTR PRIVATE LIMITED']
2026-05-12 15:00:42,760 [INFO]   Fetched 527 KB
2026-05-12 15:00:43,004 [INFO]   Page size: 842×596  Words:236  H-lines:0  V-lines:0
2026-05-12 15:00:43,005 [INFO]   Match words for 'MRS. ANITA RAHEJA': ['ANITA', 'RAHEJA']
2026-05-12 15:00:43,006 [INFO]   Match words for 'MR. SHIV RAHEJA': ['SHIV', 'RAHEJA']
2026-05-12 15:00:43,009 [INFO]   Match words for 'MR. DEEPAK RAHEJA': ['DEEPAK', 'RAHEJA']
2026-05-12 15:00:43,010 [INFO]   Match words for 'MR. ADITYA RAHEJA': ['ADITYA', 'RAHEJA']
2026-05-12 15:00:43,011 [INFO]   Match words for 'MUMBAI WTR PRIVATE LIMITED': ['MUMBAI', 'WTR', 'PRIVATE', 'LIMITED']
2026-05-12 15:00:43,038 [INFO] PDF has 11 page(s) — trying table extraction
2026-05-12 15:00:43,267 [INFO]   Page 1: 1 table(s) found
2026-05-12 15:00:43,728 [INFO]   Page 2: 1 table(s) found
2026-05-12 15:00:44,250 [INFO]   Page 3: 1 table(s) found
2026-05-12 15:00:44,648 [INFO]   Page 4: 1 table(s) found
2026-05-12 15:00:44,923 [INFO]   Page 5: 1 table(s) found
2026-05-12 15:00:45,229 [INFO]   Page 6: 1 table(s) found
2026-05-12 15:00:45,496 [INFO]   Page 7: 1 table(s) found
2026-05-12 15:00:45,800 [INFO]   Page 8: 1 table(s) found
2026-05-12 15:00:46,186 [INFO]   Page 9: 1 table(s) found
2026-05-12 15:00:46,306 [INFO]   Page 10: 1 table(s) found
2026-05-12 15:00:46,372 [INFO]   Page 11: 0 table(s) found
2026-05-12 15:00:46,373 [WARNING] Table extraction found nothing — trying word/X-position method
2026-05-12 15:00:50,114 [WARNING] Word method found nothing — falling back to plain-text line scan
2026-05-12 15:00:53,094 [INFO] Level 3 found 0 match(es)
2026-05-12 15:00:53,095 [INFO]   NOT FOUND in 08.05.2026 Mumbai Bench Court -1.pdf: ['MRS. ANITA RAHEJA', 'MR. SHIV RAHEJA', 'MR. DEEPAK RAHEJA', 'MR. ADITYA RAHEJA', 'MUMBAI WTR PRIVATE LIMITED']
2026-05-12 15:00:53,096 [INFO]   No matches in: 08.05.2026 Mumbai Bench Court -1.pdf
2026-05-12 15:00:53,097 [INFO] 
Processing: Special Bench Cause-List Court-V 08.05.2026.pdf (New Delhi Bench Court-V)
2026-05-12 15:00:53,101 [INFO]   No clients mapped to 'New Delhi Bench Court-V' — skipping
2026-05-12 15:00:53,102 [INFO] 
Processing: DAILY CAUSE LIST - 08.05.2026.pdf (Kochi Bench Court-I)
2026-05-12 15:00:53,103 [INFO]   Checking 6 client(s): ['MRS. ANITA RAHEJA', 'MR. SHIV RAHEJA', 'MR. DEEPAK RAHEJA', 'MR. ADITYA RAHEJA', 'MUMBAI WTR PRIVATE LIMITED', 'CHANEL INDIA BUSINESS SOLUTIONS P LTD']
2026-05-12 15:00:54,046 [INFO]   Fetched 1153 KB
2026-05-12 15:00:54,228 [INFO]   Page size: 843×596  Words:225  H-lines:4  V-lines:3
2026-05-12 15:00:54,229 [INFO]   Match words for 'MRS. ANITA RAHEJA': ['ANITA', 'RAHEJA']
2026-05-12 15:00:54,230 [INFO]   Match words for 'MR. SHIV RAHEJA': ['SHIV', 'RAHEJA']
2026-05-12 15:00:54,233 [INFO]   Match words for 'MR. DEEPAK RAHEJA': ['DEEPAK', 'RAHEJA']
2026-05-12 15:00:54,234 [INFO]   Match words for 'MR. ADITYA RAHEJA': ['ADITYA', 'RAHEJA']
2026-05-12 15:00:54,235 [INFO]   Match words for 'MUMBAI WTR PRIVATE LIMITED': ['MUMBAI', 'WTR', 'PRIVATE', 'LIMITED']
2026-05-12 15:00:54,236 [INFO]   Match words for 'CHANEL INDIA BUSINESS SOLUTIONS P LTD': ['CHANEL', 'INDIA', 'BUSINESS', 'SOLUTIONS', 'LTD']
2026-05-12 15:00:54,245 [INFO] PDF has 6 page(s) — trying table extraction
2026-05-12 15:00:54,457 [INFO]   Page 1: 1 table(s) found
2026-05-12 15:00:54,822 [INFO]   Page 2: 1 table(s) found
2026-05-12 15:00:55,147 [INFO]   Page 3: 1 table(s) found
2026-05-12 15:00:55,478 [INFO]   Page 4: 1 table(s) found
2026-05-12 15:00:55,855 [INFO]   Page 5: 1 table(s) found
2026-05-12 15:00:56,183 [INFO]   Page 6: 1 table(s) found
2026-05-12 15:00:56,184 [WARNING] Table extraction found nothing — trying word/X-position method
2026-05-12 15:00:58,183 [WARNING] Word method found nothing — falling back to plain-text line scan
2026-05-12 15:00:59,996 [INFO] Level 3 found 0 match(es)
2026-05-12 15:00:59,997 [INFO]   NOT FOUND in DAILY CAUSE LIST - 08.05.2026.pdf: ['MRS. ANITA RAHEJA', 'MR. SHIV RAHEJA', 'MR. DEEPAK RAHEJA', 'MR. ADITYA RAHEJA', 'MUMBAI WTR PRIVATE LIMITED', 'CHANEL INDIA BUSINESS SOLUTIONS P LTD']
2026-05-12 15:00:59,998 [INFO]   No matches in: DAILY CAUSE LIST - 08.05.2026.pdf
2026-05-12 15:01:00,002 [INFO] 
Processing: Cause-List Court-V 08.05.2026.pdf (New Delhi Bench Court-V)
2026-05-12 15:01:00,003 [INFO]   No clients mapped to 'New Delhi Bench Court-V' — skipping
2026-05-12 15:01:00,004 [INFO] 
Processing: DAILY CAUSE LIST - 08.05.2026 - SPECIAL BENCH.pdf (Kochi Bench Court-I)
2026-05-12 15:01:00,005 [INFO]   Checking 6 client(s): ['MRS. ANITA RAHEJA', 'MR. SHIV RAHEJA', 'MR. DEEPAK RAHEJA', 'MR. ADITYA RAHEJA', 'MUMBAI WTR PRIVATE LIMITED', 'CHANEL INDIA BUSINESS SOLUTIONS P LTD']
2026-05-12 15:01:00,905 [INFO]   Fetched 1133 KB
2026-05-12 15:01:01,164 [INFO]   Page size: 843×596  Words:217  H-lines:4  V-lines:3
2026-05-12 15:01:01,164 [INFO]   Match words for 'MRS. ANITA RAHEJA': ['ANITA', 'RAHEJA']
2026-05-12 15:01:01,166 [INFO]   Match words for 'MR. SHIV RAHEJA': ['SHIV', 'RAHEJA']
2026-05-12 15:01:01,169 [INFO]   Match words for 'MR. DEEPAK RAHEJA': ['DEEPAK', 'RAHEJA']
2026-05-12 15:01:01,170 [INFO]   Match words for 'MR. ADITYA RAHEJA': ['ADITYA', 'RAHEJA']
2026-05-12 15:01:01,171 [INFO]   Match words for 'MUMBAI WTR PRIVATE LIMITED': ['MUMBAI', 'WTR', 'PRIVATE', 'LIMITED']
2026-05-12 15:01:01,171 [INFO]   Match words for 'CHANEL INDIA BUSINESS SOLUTIONS P LTD': ['CHANEL', 'INDIA', 'BUSINESS', 'SOLUTIONS', 'LTD']
2026-05-12 15:01:01,178 [INFO] PDF has 3 page(s) — trying table extraction
2026-05-12 15:01:01,356 [INFO]   Page 1: 1 table(s) found
2026-05-12 15:01:01,674 [INFO]   Page 2: 1 table(s) found
2026-05-12 15:01:01,890 [INFO]   Page 3: 1 table(s) found
2026-05-12 15:01:01,910 [WARNING] Table extraction found nothing — trying word/X-position method
2026-05-12 15:01:03,142 [WARNING] Word method found nothing — falling back to plain-text line scan
2026-05-12 15:01:03,780 [INFO] Level 3 found 0 match(es)
2026-05-12 15:01:03,781 [INFO]   NOT FOUND in DAILY CAUSE LIST - 08.05.2026 - SPECIAL BENCH.pdf: ['MRS. ANITA RAHEJA', 'MR. SHIV RAHEJA', 'MR. DEEPAK RAHEJA', 'MR. ADITYA RAHEJA', 'MUMBAI WTR PRIVATE LIMITED', 'CHANEL INDIA BUSINESS SOLUTIONS P LTD']
2026-05-12 15:01:03,783 [INFO]   No matches in: DAILY CAUSE LIST - 08.05.2026 - SPECIAL BENCH.pdf
2026-05-12 15:01:03,786 [INFO] 
Processing: 08.05.2026 Special banch.pdf (Bengaluru Bench Court-I)
2026-05-12 15:01:03,787 [INFO]   Checking 1 client(s): ['CHANEL INDIA BUSINESS SOLUTIONS P LTD']
2026-05-12 15:01:04,114 [INFO]   Fetched 37 KB
2026-05-12 15:01:04,441 [INFO]   Page size: 792×612  Words:373  H-lines:0  V-lines:0
2026-05-12 15:01:04,442 [INFO]   Match words for 'CHANEL INDIA BUSINESS SOLUTIONS P LTD': ['CHANEL', 'INDIA', 'BUSINESS', 'SOLUTIONS', 'LTD']
2026-05-12 15:01:04,447 [INFO] PDF has 1 page(s) — trying table extraction
2026-05-12 15:01:04,900 [INFO]   Page 1: 1 table(s) found
2026-05-12 15:01:04,901 [WARNING] Table extraction found nothing — trying word/X-position method
2026-05-12 15:01:05,256 [WARNING] Word method found nothing — falling back to plain-text line scan
2026-05-12 15:01:05,512 [INFO] Level 3 found 0 match(es)
2026-05-12 15:01:05,512 [INFO]   NOT FOUND in 08.05.2026 Special banch.pdf: ['CHANEL INDIA BUSINESS SOLUTIONS P LTD']
2026-05-12 15:01:05,514 [INFO]   No matches in: 08.05.2026 Special banch.pdf
2026-05-12 15:01:05,517 [INFO] 
Processing: Order dated 06.05.2026 regarding Constitution of Special Bench at NCLT Kochi Bench- For Pronouncement .pdf (Kochi Bench Court-I)
2026-05-12 15:01:05,518 [INFO]   Checking 6 client(s): ['MRS. ANITA RAHEJA', 'MR. SHIV RAHEJA', 'MR. DEEPAK RAHEJA', 'MR. ADITYA RAHEJA', 'MUMBAI WTR PRIVATE LIMITED', 'CHANEL INDIA BUSINESS SOLUTIONS P LTD']
2026-05-12 15:01:06,018 [INFO]   Fetched 556 KB
2026-05-12 15:01:06,036 [INFO]   Page size: 612×792  Words:0  H-lines:0  V-lines:0
2026-05-12 15:01:06,039 [INFO]   Match words for 'MRS. ANITA RAHEJA': ['ANITA', 'RAHEJA']
2026-05-12 15:01:06,043 [INFO]   Match words for 'MR. SHIV RAHEJA': ['SHIV', 'RAHEJA']
2026-05-12 15:01:06,045 [INFO]   Match words for 'MR. DEEPAK RAHEJA': ['DEEPAK', 'RAHEJA']
2026-05-12 15:01:06,046 [INFO]   Match words for 'MR. ADITYA RAHEJA': ['ADITYA', 'RAHEJA']
2026-05-12 15:01:06,048 [INFO]   Match words for 'MUMBAI WTR PRIVATE LIMITED': ['MUMBAI', 'WTR', 'PRIVATE', 'LIMITED']
2026-05-12 15:01:06,049 [INFO]   Match words for 'CHANEL INDIA BUSINESS SOLUTIONS P LTD': ['CHANEL', 'INDIA', 'BUSINESS', 'SOLUTIONS', 'LTD']
2026-05-12 15:01:06,056 [INFO] PDF has 2 page(s) — trying table extraction
2026-05-12 15:01:06,061 [INFO]   Page 1: 0 table(s) found
2026-05-12 15:01:06,064 [INFO]   Page 2: 0 table(s) found
2026-05-12 15:01:06,065 [WARNING] Table extraction found nothing — trying word/X-position method
2026-05-12 15:01:06,077 [WARNING] Word method found nothing — falling back to plain-text line scan
2026-05-12 15:01:06,085 [INFO] Level 3 found 0 match(es)
2026-05-12 15:01:06,085 [INFO]   NOT FOUND in Order dated 06.05.2026 regarding Constitution of Special Bench at NCLT Kochi Bench- For Pronouncement .pdf: ['MRS. ANITA RAHEJA', 'MR. SHIV RAHEJA', 'MR. DEEPAK RAHEJA', 'MR. ADITYA RAHEJA', 'MUMBAI WTR PRIVATE LIMITED', 'CHANEL INDIA BUSINESS SOLUTIONS P LTD']
2026-05-12 15:01:06,087 [INFO]   No matches in: Order dated 06.05.2026 regarding Constitution of Special Bench at NCLT Kochi Bench- For Pronouncement .pdf
2026-05-12 15:01:06,091 [INFO] 
Processing: court VI cause list 08.05.2026.pdf (Mumbai Bench Court-VI)
2026-05-12 15:01:06,095 [INFO]   Checking 3 client(s): ['OKI INDIA PRIVATE LIMITED', 'SHROFF TEXTILES LIMITED', 'KAMLESH CORPORATION']
2026-05-12 15:01:06,237 [INFO]   Fetched 114 KB
2026-05-12 15:01:06,625 [INFO]   Page size: 842×596  Words:240  H-lines:0  V-lines:0
2026-05-12 15:01:06,626 [INFO]   Match words for 'OKI INDIA PRIVATE LIMITED': ['OKI', 'INDIA', 'PRIVATE', 'LIMITED']
2026-05-12 15:01:06,627 [INFO]   Match words for 'SHROFF TEXTILES LIMITED': ['SHROFF', 'TEXTILES', 'LIMITED']
2026-05-12 15:01:06,630 [INFO]   Match words for 'KAMLESH CORPORATION': ['KAMLESH', 'CORPORATION']
2026-05-12 15:01:06,643 [INFO] PDF has 5 page(s) — trying table extraction
2026-05-12 15:01:07,045 [INFO]   Page 1: 1 table(s) found
2026-05-12 15:01:07,454 [INFO]   Page 2: 1 table(s) found
2026-05-12 15:01:07,726 [INFO]   Page 3: 1 table(s) found
2026-05-12 15:01:08,063 [INFO]   Page 4: 1 table(s) found
2026-05-12 15:01:08,130 [INFO]   Page 5: 1 table(s) found
2026-05-12 15:01:08,131 [WARNING] Table extraction found nothing — trying word/X-position method
2026-05-12 15:01:09,575 [WARNING] Word method found nothing — falling back to plain-text line scan
2026-05-12 15:01:10,662 [INFO] Level 3 found 0 match(es)
2026-05-12 15:01:10,662 [INFO]   NOT FOUND in court VI cause list 08.05.2026.pdf: ['OKI INDIA PRIVATE LIMITED', 'SHROFF TEXTILES LIMITED', 'KAMLESH CORPORATION']
2026-05-12 15:01:10,664 [INFO]   No matches in: court VI cause list 08.05.2026.pdf
2026-05-12 15:01:10,667 [INFO] 
Processing: 08-05-2026 Court-2.pdf (Ahmedabad Bench Court-II)
2026-05-12 15:01:10,668 [INFO]   No clients mapped to 'Ahmedabad Bench Court-II' — skipping
2026-05-12 15:01:10,670 [INFO] 
Processing: 08.05.2026 Cause List .pdf (New Delhi Bench Court-II)
2026-05-12 15:01:10,671 [INFO]   No clients mapped to 'New Delhi Bench Court-II' — skipping
2026-05-12 15:01:10,672 [INFO] 
Processing: C-III Cause list 08.05.2026.pdf (New Delhi Bench Court-III)
2026-05-12 15:01:10,673 [INFO]   No clients mapped to 'New Delhi Bench Court-III' — skipping
2026-05-12 15:01:10,674 [INFO] 
Processing: Causelist 08.05.2026.pdf (Guwahati Bench Court-I)
2026-05-12 15:01:10,675 [INFO]   Checking 6 client(s): ['MRS. ANITA RAHEJA', 'MR. SHIV RAHEJA', 'MR. DEEPAK RAHEJA', 'MR. ADITYA RAHEJA', 'MUMBAI WTR PRIVATE LIMITED', 'CHANEL INDIA BUSINESS SOLUTIONS P LTD']
2026-05-12 15:01:10,851 [INFO]   Fetched 117 KB
2026-05-12 15:01:11,046 [INFO]   Page size: 842×595  Words:228  H-lines:0  V-lines:0
2026-05-12 15:01:11,047 [INFO]   Match words for 'MRS. ANITA RAHEJA': ['ANITA', 'RAHEJA']
2026-05-12 15:01:11,048 [INFO]   Match words for 'MR. SHIV RAHEJA': ['SHIV', 'RAHEJA']
2026-05-12 15:01:11,052 [INFO]   Match words for 'MR. DEEPAK RAHEJA': ['DEEPAK', 'RAHEJA']
2026-05-12 15:01:11,053 [INFO]   Match words for 'MR. ADITYA RAHEJA': ['ADITYA', 'RAHEJA']
2026-05-12 15:01:11,054 [INFO]   Match words for 'MUMBAI WTR PRIVATE LIMITED': ['MUMBAI', 'WTR', 'PRIVATE', 'LIMITED']
2026-05-12 15:01:11,055 [INFO]   Match words for 'CHANEL INDIA BUSINESS SOLUTIONS P LTD': ['CHANEL', 'INDIA', 'BUSINESS', 'SOLUTIONS', 'LTD']
2026-05-12 15:01:11,063 [INFO] PDF has 4 page(s) — trying table extraction
2026-05-12 15:01:11,159 [INFO]   Page 1: 1 table(s) found
2026-05-12 15:01:11,338 [INFO]   Page 2: 1 table(s) found
2026-05-12 15:01:11,540 [INFO]   Page 3: 1 table(s) found
2026-05-12 15:01:11,697 [INFO]   Page 4: 1 table(s) found
2026-05-12 15:01:11,717 [WARNING] Table extraction found nothing — trying word/X-position method
2026-05-12 15:01:12,640 [WARNING] Word method found nothing — falling back to plain-text line scan
2026-05-12 15:01:13,190 [INFO] Level 3 found 0 match(es)
2026-05-12 15:01:13,190 [INFO]   NOT FOUND in Causelist 08.05.2026.pdf: ['MRS. ANITA RAHEJA', 'MR. SHIV RAHEJA', 'MR. DEEPAK RAHEJA', 'MR. ADITYA RAHEJA', 'MUMBAI WTR PRIVATE LIMITED', 'CHANEL INDIA BUSINESS SOLUTIONS P LTD']
2026-05-12 15:01:13,191 [INFO]   No matches in: Causelist 08.05.2026.pdf
2026-05-12 15:01:13,195 [INFO] 
Processing: Supple 08.05.2026 Court-1_20260507_0001.pdf (Chandigarh Bench Court-I)
2026-05-12 15:01:13,196 [INFO]   No clients mapped to 'Chandigarh Bench Court-I' — skipping
2026-05-12 15:01:13,197 [INFO] 
Processing: 08.05.2026 Court-1_20260507_0001.pdf (Chandigarh Bench Court-I)
2026-05-12 15:01:13,198 [INFO]   No clients mapped to 'Chandigarh Bench Court-I' — skipping
2026-05-12 15:01:13,199 [INFO] 
Processing: 08.05.2026 CAUSE LIST-IV LIST-IV.pdf (Mumbai Bench Court-IV)
2026-05-12 15:01:13,200 [INFO]   Checking 1 client(s): ['CALYX LENORA REALTY LLP']
2026-05-12 15:01:13,498 [INFO]   Fetched 276 KB
2026-05-12 15:01:13,893 [INFO]   Page size: 843×597  Words:222  H-lines:0  V-lines:0
2026-05-12 15:01:13,895 [INFO]   Match words for 'CALYX LENORA REALTY LLP': ['CALYX', 'LENORA', 'REALTY', 'LLP']
2026-05-12 15:01:13,913 [INFO] PDF has 13 page(s) — trying table extraction
2026-05-12 15:01:14,174 [INFO]   Page 1: 1 table(s) found
2026-05-12 15:01:14,611 [INFO]   Page 2: 1 table(s) found
2026-05-12 15:01:15,020 [INFO]   Page 3: 1 table(s) found
2026-05-12 15:01:15,272 [INFO]   Page 4: 1 table(s) found
2026-05-12 15:01:15,273 [INFO]   [TABLE] MATCH 'CALYX LENORA REALTY LLP' row 1
2026-05-12 15:01:15,628 [INFO]   Page 5: 1 table(s) found
2026-05-12 15:01:16,020 [INFO]   Page 6: 1 table(s) found
2026-05-12 15:01:16,292 [INFO]   Page 7: 1 table(s) found
2026-05-12 15:01:16,596 [INFO]   Page 8: 1 table(s) found
2026-05-12 15:01:16,942 [INFO]   Page 9: 1 table(s) found
2026-05-12 15:01:17,229 [INFO]   Page 10: 1 table(s) found
2026-05-12 15:01:17,466 [INFO]   Page 11: 1 table(s) found
2026-05-12 15:01:17,740 [INFO]   Page 12: 1 table(s) found
2026-05-12 15:01:17,809 [INFO]   Page 13: 0 table(s) found
2026-05-12 15:01:17,810 [INFO] Level 1 found 1 match(es)
2026-05-12 15:01:17,811 [INFO]   *** 1 MATCH(ES) ***
2026-05-12 15:01:17,811 [INFO] 
Processing: NCLT COURT - III MUMBAI BENCH CAUSE LIST ON 08.05.2026 Special Bench.pdf (Mumbai Bench Court-III)
2026-05-12 15:01:17,815 [INFO]   Checking 1 client(s): ['LOK HOUSING & CONSTRUCTIONS LTD']
2026-05-12 15:01:18,736 [INFO]   Fetched 730 KB
2026-05-12 15:01:19,012 [INFO]   Page size: 792×612  Words:316  H-lines:0  V-lines:0
2026-05-12 15:01:19,014 [INFO]   Match words for 'LOK HOUSING & CONSTRUCTIONS LTD': ['LOK', 'HOUSING', 'CONSTRUCTIONS', 'LTD']
2026-05-12 15:01:19,023 [INFO] PDF has 8 page(s) — trying table extraction
2026-05-12 15:01:19,235 [INFO]   Page 1: 1 table(s) found
2026-05-12 15:01:19,501 [INFO]   Page 2: 1 table(s) found
2026-05-12 15:01:19,755 [INFO]   Page 3: 1 table(s) found
2026-05-12 15:01:20,161 [INFO]   Page 4: 1 table(s) found
2026-05-12 15:01:20,558 [INFO]   Page 5: 1 table(s) found
2026-05-12 15:01:20,944 [INFO]   Page 6: 2 table(s) found
2026-05-12 15:01:21,477 [INFO]   Page 7: 1 table(s) found
2026-05-12 15:01:21,751 [INFO]   Page 8: 1 table(s) found
2026-05-12 15:01:21,754 [WARNING] Table extraction found nothing — trying word/X-position method
2026-05-12 15:01:24,324 [WARNING] Word method found nothing — falling back to plain-text line scan
2026-05-12 15:01:26,522 [INFO] Level 3 found 0 match(es)
2026-05-12 15:01:26,523 [INFO]   NOT FOUND in NCLT COURT - III MUMBAI BENCH CAUSE LIST ON 08.05.2026 Special Bench.pdf: ['LOK HOUSING & CONSTRUCTIONS LTD']
2026-05-12 15:01:26,525 [INFO]   No matches in: NCLT COURT - III MUMBAI BENCH CAUSE LIST ON 08.05.2026 Special Bench.pdf
2026-05-12 15:01:26,662 [INFO] ============================================================
2026-05-12 15:01:26,662 [INFO] FOUND:     ['CALYX LENORA REALTY LLP', 'MR. ADITYA RAHEJA']
2026-05-12 15:01:26,664 [INFO] NOT FOUND: ['MRS. ANITA RAHEJA', 'MR. SHIV RAHEJA', 'MR. DEEPAK RAHEJA', 'MUMBAI WTR PRIVATE LIMITED', 'ALKA RAJESH MIMANI', 'DEEPAK VIJAY BAGRA', 'BHARAT MEHTA', 'LOK HOUSING & CONSTRUCTIONS LTD', 'ESSEL INFRAPROJECTS LIMITED', 'ATUL S BHARANI', 'KASHYAP MEHTA', 'MR. ATUL TANSUKHLAL MEHTA', 'MR. HEMANT JITENDRARAI MEHTA', 'OKI INDIA PRIVATE LIMITED', 'SHROFF TEXTILES LIMITED', 'KAMLESH CORPORATION', 'CHANEL INDIA BUSINESS SOLUTIONS P LTD']
2026-05-12 15:01:26,667 [INFO] DONE — 2 match(es). Sending combined alert email …
2026-05-12 15:01:28,120 [INFO] Email sent → ['tejashree@apmh.in']
2026-05-12 15:01:28,122 [INFO] ============================================================
2026-05-12 15:10:48,101 [INFO] NCLAT: fetching for 06.05.2026
2026-05-12 15:10:49,580 [INFO]   ✓ NCLAT: Cause List for 06.05.2026 - Registrar Court
2026-05-12 15:10:49,581 [INFO]   ✓ NCLAT: Supplementary Cause List for 06.05.2026 - Court-IV
2026-05-12 15:10:49,582 [INFO]   ✓ NCLAT: Supplementary Cause List for 06.05.2026 - Court-III
2026-05-12 15:10:49,583 [INFO]   ✓ NCLAT: Supplementary Cause List for 06.05.2026 - Court-II
2026-05-12 15:10:49,584 [INFO]   ✓ NCLAT: Supplementary Cause List for 06.05.2026 - Court of Chairperson
2026-05-12 15:10:49,585 [INFO]   ✓ NCLAT: Cause List for 06.05.2026-Chennai Bench
2026-05-12 15:10:49,586 [INFO]   ✓ NCLAT: Cause List for 06.05.2026 - Court-IV
2026-05-12 15:10:49,587 [INFO]   ✓ NCLAT: Cause List for 06.05.2026 - Court-III
2026-05-12 15:10:49,588 [INFO]   ✓ NCLAT: Cause List for 06.05.2026 - Court-II
2026-05-12 15:10:49,588 [INFO]   ✓ NCLAT: Cause List for 06.05.2026 - Court of Chairperson
2026-05-12 15:10:49,590 [INFO] NCLAT: 10 PDF(s) found
2026-05-12 15:10:49,591 [INFO] Scanning: Cause List for 06.05.2026 - Registrar Court
2026-05-12 15:10:49,947 [INFO]   Canonical table width: 4 cols, 7 raw rows
2026-05-12 15:10:49,947 [INFO]   6 logical rows after merge
2026-05-12 15:10:49,948 [INFO]   6 table rows
2026-05-12 15:10:49,952 [INFO] Scanning: Supplementary Cause List for 06.05.2026 - Court-IV
2026-05-12 15:10:50,872 [INFO]   Canonical table width: 1 cols, 70 raw rows
2026-05-12 15:10:50,874 [INFO]   19 logical rows after merge
2026-05-12 15:10:50,875 [INFO]   19 table rows
2026-05-12 15:10:50,890 [INFO] Scanning: Supplementary Cause List for 06.05.2026 - Court-III
2026-05-12 15:10:51,440 [INFO]   Canonical table width: 6 cols, 13 raw rows
2026-05-12 15:10:51,440 [INFO]   2 logical rows after merge
2026-05-12 15:10:51,442 [INFO]   2 table rows
2026-05-12 15:10:51,448 [INFO] Scanning: Supplementary Cause List for 06.05.2026 - Court-II
2026-05-12 15:10:51,996 [INFO]   Canonical table width: 7 cols, 13 raw rows
2026-05-12 15:10:51,996 [INFO]   2 logical rows after merge
2026-05-12 15:10:51,998 [INFO]   2 table rows
2026-05-12 15:10:52,003 [INFO] Scanning: Supplementary Cause List for 06.05.2026 - Court of Chairperson
2026-05-12 15:10:53,419 [INFO]   Canonical table width: 1 cols, 130 raw rows
2026-05-12 15:10:53,422 [INFO]   33 logical rows after merge
2026-05-12 15:10:53,422 [INFO]   33 table rows
2026-05-12 15:10:53,449 [INFO] Scanning: Cause List for 06.05.2026-Chennai Bench
2026-05-12 15:10:53,973 [INFO]   Canonical table width: 5 cols, 4 raw rows
2026-05-12 15:10:53,973 [INFO]   3 logical rows after merge
2026-05-12 15:10:53,975 [INFO]   3 table rows
2026-05-12 15:10:53,981 [INFO] Scanning: Cause List for 06.05.2026 - Court-IV
2026-05-12 15:10:55,266 [INFO]   Canonical table width: 1 cols, 120 raw rows
2026-05-12 15:10:55,268 [INFO]   36 logical rows after merge
2026-05-12 15:10:55,268 [INFO]   36 table rows
2026-05-12 15:10:55,296 [INFO] Scanning: Cause List for 06.05.2026 - Court-III
2026-05-12 15:10:56,983 [INFO]   Canonical table width: 1 cols, 164 raw rows
2026-05-12 15:10:56,985 [INFO]   48 logical rows after merge
2026-05-12 15:10:56,985 [INFO]   48 table rows
2026-05-12 15:10:57,018 [INFO] Scanning: Cause List for 06.05.2026 - Court-II
2026-05-12 15:10:59,758 [INFO]   Canonical table width: 8 cols, 157 raw rows
2026-05-12 15:10:59,762 [INFO]   43 logical rows after merge
2026-05-12 15:10:59,762 [INFO]   43 table rows
2026-05-12 15:10:59,802 [INFO] Scanning: Cause List for 06.05.2026 - Court of Chairperson
2026-05-12 15:11:04,945 [INFO]   Canonical table width: 7 cols, 499 raw rows
2026-05-12 15:11:04,950 [INFO]   142 logical rows after merge
2026-05-12 15:11:04,950 [INFO]   142 table rows
2026-05-12 15:11:05,003 [INFO]   MATCH [NCLAT] MR. HEMANT JITENDRARAI MEHTA — 1 row(s)
2026-05-12 15:11:06,526 [INFO] ✓ Email sent to ['tejashree@apmh.in']
2026-05-12 15:14:44,809 [INFO] BHC: using date format: 15/04/2026
2026-05-12 15:15:02,310 [INFO] BHC: causelistFinal loaded — https://bombayhighcourt.gov.in/bhc/causelistFinal
2026-05-12 15:15:02,356 [INFO] BHC: jQuery setDate result: 15-04-2026
2026-05-12 15:15:04,387 [INFO] BHC: keyboard type → value=15-04-2026
2026-05-12 15:15:04,727 [WARNING] BHC: used last-resort JS fill
2026-05-12 15:15:04,918 [INFO] BHC: search clicked via 'button.sendbtn'
2026-05-12 15:15:04,919 [INFO] BHC: waiting for AJAX table to load...
2026-05-12 15:15:05,961 [INFO] BHC poll 1/30 — rows=0 loading=False
2026-05-12 15:15:07,005 [INFO] BHC poll 2/30 — rows=0 loading=False
2026-05-12 15:15:08,056 [INFO] BHC poll 3/30 — rows=0 loading=False
2026-05-12 15:15:09,098 [INFO] BHC poll 4/30 — rows=0 loading=False
2026-05-12 15:15:10,145 [INFO] BHC poll 5/30 — rows=0 loading=False
2026-05-12 15:15:11,190 [INFO] BHC poll 6/30 — rows=0 loading=False
2026-05-12 15:15:14,215 [INFO] BHC: table — 0 rows, Entire Causelist col = -1, headers = []
2026-05-12 15:15:14,231 [ERROR] BHC: 0 rows — page text: HIGH COURT OF BOMBAY
BOMBAY  
SKIP TO MAIN CONTENT
ENGLISH  
 
SCREEN READER
High Court of Bombay

मुंबई उच्च न्यायालय

BHC Old Website
Home
About Us 
Judges 
Case Status 
Causelist 
Judgment 
Appointment 
District Courts 
Other Links 
Home
Services
Causelist
BOMBAY
PDF Causelist
Party
Advocate Name
Leave Note
PDF Causelist
 (Date :- Tuesday, 12th May 2026)
Date :
  Search

DISCLAIMER

THE CONTENTS OF THIS SITE DO NOT CONSTITUTE ADVICE AND SHOULD NOT BE RELIED UPON IN MAKING (OR REFRAINING FROM MAKING) ANY DECISION. GOVERNMENT OF INDIA, MINISTRY OF INFORMATION TECHNOLOGY, NATIONAL INFORMATICS 
2026-05-12 15:15:14,528 [ERROR] BHC: screenshot saved as bhc_no_rows.png
2026-05-12 15:15:16,072 [INFO] ✓ Email sent to ['tejashree@apmh.in']
2026-05-12 15:22:09,780 [INFO] SCI: fetching for 28-04-2026
2026-05-12 15:22:11,771 [INFO]   ✓ SCI (direct): SCI Misc Supplementary
2026-05-12 15:22:11,925 [INFO]   ✓ SCI (direct): SCI Misc Main
2026-05-12 15:22:12,007 [INFO]   ✓ SCI (direct): SCI Registrar Main
2026-05-12 15:22:12,086 [INFO]   ✓ SCI (direct): SCI Misc Advance
2026-05-12 15:22:12,088 [INFO] SCI: 4 PDF(s) found
2026-05-12 15:22:12,091 [INFO] Scanning: SCI Misc Supplementary — 28-04-2026
2026-05-12 15:22:19,949 [INFO]   924 text lines
2026-05-12 15:36:38,517 [INFO]   MATCH [SCI] POOJA RAMESH SINGH — 1 block(s)
2026-05-12 15:36:38,519 [INFO]   MATCH [SCI] JAMMU AND KASHMIR BANK — 1 block(s)
2026-05-12 15:36:38,527 [INFO] Scanning: SCI Misc Main — 28-04-2026
2026-05-12 15:37:24,561 [INFO] SCI: fetching for 28-04-2026
2026-05-12 15:37:26,440 [INFO]   ✓ SCI (direct): SCI Misc Supplementary
2026-05-12 15:37:26,580 [INFO]   ✓ SCI (direct): SCI Misc Main
2026-05-12 15:37:26,652 [INFO]   ✓ SCI (direct): SCI Registrar Main
2026-05-12 15:37:26,720 [INFO]   ✓ SCI (direct): SCI Misc Advance
2026-05-12 15:37:26,721 [INFO] SCI: 4 PDF(s) found
2026-05-12 15:37:26,724 [INFO] Scanning: SCI Misc Supplementary — 28-04-2026
2026-05-12 15:37:37,172 [INFO]   924 text lines
2026-05-12 15:37:37,222 [INFO]   MATCH [SCI] POOJA RAMESH SINGH — 1 block(s)
2026-05-12 15:37:37,224 [INFO]   MATCH [SCI] JAMMU AND KASHMIR BANK — 1 block(s)
2026-05-12 15:37:37,231 [INFO] Scanning: SCI Misc Main — 28-04-2026
2026-05-12 15:38:19,572 [INFO]   19619 text lines
2026-05-12 15:38:20,922 [INFO] Scanning: SCI Registrar Main — 28-04-2026
2026-05-12 15:38:30,235 [INFO]   670 text lines
2026-05-12 15:38:30,293 [INFO] Scanning: SCI Misc Advance — 28-04-2026
2026-05-12 15:38:55,259 [INFO]   10278 text lines
2026-05-12 15:38:55,961 [INFO]   MATCH [SCI] POOJA RAMESH SINGH — 1 block(s)
2026-05-12 15:38:55,989 [INFO]   MATCH [SCI] JAMMU AND KASHMIR BANK — 1 block(s)
2026-05-12 15:38:57,651 [INFO] ✓ Email sent to ['tejashree@apmh.in']
2026-05-12 16:02:52,570 [INFO] NCLAT: fetching for 15.04.2026
2026-05-12 16:02:54,359 [INFO]   ✓ NCLAT: Supplementary Cause List for 15.04.2026 - Court of Chairperson
2026-05-12 16:02:54,360 [INFO]   ✓ NCLAT: Cause List for 15.04.2026 - Chennai Bench
2026-05-12 16:02:54,360 [INFO]   ✓ NCLAT: Cause List for 15.04.2026 - Registrar Court
2026-05-12 16:02:54,361 [INFO]   ✓ NCLAT: Supplementary Cause List for 15.04.2026 - Court-IV
2026-05-12 16:02:54,361 [INFO]   ✓ NCLAT: Supplementary Cause List for 15.04.2026 - Court-II
2026-05-12 16:02:54,362 [INFO]   ✓ NCLAT: Cause List for 15.04.2026 - Court-IV
2026-05-12 16:02:54,362 [INFO]   ✓ NCLAT: Cause List for 15.04.2026 - Court-III
2026-05-12 16:02:54,363 [INFO]   ✓ NCLAT: Cause List for 15.04.2026 - Court-II
2026-05-12 16:02:54,363 [INFO]   ✓ NCLAT: Cause List for 15.04.2026 - Court of Chairperson
2026-05-12 16:02:54,364 [INFO] NCLAT: 9 PDF(s) found
2026-05-12 16:02:54,365 [INFO] Scanning: Supplementary Cause List for 15.04.2026 - Court of Chairperson
2026-05-12 16:02:55,176 [INFO]   Canonical table width: 4 cols, 20 raw rows
2026-05-12 16:02:55,177 [INFO]   2 logical rows after merge
2026-05-12 16:02:55,177 [INFO]   2 table rows
2026-05-12 16:02:55,180 [INFO] Scanning: Cause List for 15.04.2026 - Chennai Bench
2026-05-12 16:02:57,865 [INFO]   Canonical table width: 5 cols, 68 raw rows
2026-05-12 16:02:57,867 [INFO]   62 logical rows after merge
2026-05-12 16:02:57,868 [INFO]   62 table rows
2026-05-12 16:02:57,909 [INFO] Scanning: Cause List for 15.04.2026 - Registrar Court
2026-05-12 16:02:58,373 [INFO]   Canonical table width: 4 cols, 6 raw rows
2026-05-12 16:02:58,374 [INFO]   5 logical rows after merge
2026-05-12 16:02:58,375 [INFO]   5 table rows
2026-05-12 16:02:58,383 [INFO] Scanning: Supplementary Cause List for 15.04.2026 - Court-IV
2026-05-12 16:02:59,398 [INFO]   Canonical table width: 6 cols, 12 raw rows
2026-05-12 16:02:59,398 [INFO]   5 logical rows after merge
2026-05-12 16:02:59,400 [INFO]   5 table rows
2026-05-12 16:02:59,407 [INFO] Scanning: Supplementary Cause List for 15.04.2026 - Court-II
2026-05-12 16:03:00,336 [INFO]   Canonical table width: 6 cols, 12 raw rows
2026-05-12 16:03:00,337 [INFO]   4 logical rows after merge
2026-05-12 16:03:00,338 [INFO]   4 table rows
2026-05-12 16:03:00,344 [INFO] Scanning: Cause List for 15.04.2026 - Court-IV
2026-05-12 16:03:02,508 [INFO]   Canonical table width: 8 cols, 208 raw rows
2026-05-12 16:03:02,511 [INFO]   68 logical rows after merge
2026-05-12 16:03:02,512 [INFO]   68 table rows
2026-05-12 16:03:02,554 [INFO]   MATCH [NCLAT] JAMMU AND KASHMIR BANK — 1 row(s)
2026-05-12 16:03:02,559 [INFO] Scanning: Cause List for 15.04.2026 - Court-III
2026-05-12 16:03:04,929 [INFO]   Canonical table width: 1 cols, 217 raw rows
2026-05-12 16:03:04,929 [WARNING]   Skipping table extraction — width=1 (not a structured table)
2026-05-12 16:03:04,933 [INFO]   0 table rows
2026-05-12 16:03:04,934 [WARNING]   NCLAT: no table rows — text fallback
2026-05-12 16:03:06,245 [INFO]   193 text lines
2026-05-12 16:03:06,246 [INFO]   NCLAT text: 0 item blocks from 193 lines
2026-05-12 16:03:06,248 [INFO]   NCLAT text: 0 item blocks from 193 lines
2026-05-12 16:03:06,251 [INFO]   NCLAT text: 0 item blocks from 193 lines
2026-05-12 16:03:06,252 [INFO]   NCLAT text: 0 item blocks from 193 lines
2026-05-12 16:03:06,253 [INFO]   NCLAT text: 0 item blocks from 193 lines
2026-05-12 16:03:06,254 [INFO]   NCLAT text: 0 item blocks from 193 lines
2026-05-12 16:03:06,255 [INFO]   NCLAT text: 0 item blocks from 193 lines
2026-05-12 16:03:06,256 [INFO]   NCLAT text: 0 item blocks from 193 lines
2026-05-12 16:03:06,257 [INFO]   NCLAT text: 0 item blocks from 193 lines
2026-05-12 16:03:06,258 [INFO]   NCLAT text: 0 item blocks from 193 lines
2026-05-12 16:03:06,259 [INFO]   NCLAT text: 0 item blocks from 193 lines
2026-05-12 16:03:06,261 [INFO]   NCLAT text: 0 item blocks from 193 lines
2026-05-12 16:03:06,264 [INFO]   NCLAT text: 0 item blocks from 193 lines
2026-05-12 16:03:06,265 [INFO]   NCLAT text: 0 item blocks from 193 lines
2026-05-12 16:03:06,266 [INFO]   NCLAT text: 0 item blocks from 193 lines
2026-05-12 16:03:06,267 [INFO]   NCLAT text: 0 item blocks from 193 lines
2026-05-12 16:03:06,268 [INFO]   NCLAT text: 0 item blocks from 193 lines
2026-05-12 16:03:06,268 [INFO]   NCLAT text: 0 item blocks from 193 lines
2026-05-12 16:03:06,269 [INFO]   NCLAT text: 0 item blocks from 193 lines
2026-05-12 16:03:06,270 [INFO]   NCLAT text: 0 item blocks from 193 lines
2026-05-12 16:03:06,271 [INFO]   NCLAT text: 0 item blocks from 193 lines
2026-05-12 16:03:06,272 [INFO]   NCLAT text: 0 item blocks from 193 lines
2026-05-12 16:03:06,273 [INFO]   NCLAT text: 0 item blocks from 193 lines
2026-05-12 16:03:06,273 [INFO]   NCLAT text: 0 item blocks from 193 lines
2026-05-12 16:03:06,276 [INFO] Scanning: Cause List for 15.04.2026 - Court-II
2026-05-12 16:03:09,637 [INFO]   Canonical table width: 8 cols, 272 raw rows
2026-05-12 16:03:09,642 [INFO]   75 logical rows after merge
2026-05-12 16:03:09,642 [INFO]   75 table rows
2026-05-12 16:03:09,720 [INFO] Scanning: Cause List for 15.04.2026 - Court of Chairperson
2026-05-12 16:03:14,971 [INFO]   Canonical table width: 7 cols, 662 raw rows
2026-05-12 16:03:14,978 [INFO]   197 logical rows after merge
2026-05-12 16:03:14,979 [INFO]   197 table rows
2026-05-12 16:03:16,624 [INFO] ✓ Email sent to ['tejashree@apmh.in']
2026-05-12 16:07:15,610 [INFO] NCLAT: fetching for 22.04.2026
2026-05-12 16:07:17,027 [INFO]   ✓ NCLAT: Cause List for 22.04.2026 - Registrar Court
2026-05-12 16:07:17,027 [INFO]   ✓ NCLAT: Supplementary Cause List for 22.04.2026 - Court-IV
2026-05-12 16:07:17,162 [INFO]   ✓ NCLAT: Supplementary Cause List for 22.04.2026 - Court of Chairperson
2026-05-12 16:07:17,163 [INFO]   ✓ NCLAT: Supplementary Cause List for 22.04.2026 - Chennai Bench
2026-05-12 16:07:17,164 [INFO]   ✓ NCLAT: Cause List for 22.04.2026 - Court-II
2026-05-12 16:07:17,164 [INFO]   ✓ NCLAT: Cause List for 22.04.2026 - Court of Chairperson
2026-05-12 16:07:17,165 [INFO]   ✓ NCLAT: Cause List for 22.04.2026 - Court-III
2026-05-12 16:07:17,165 [INFO]   ✓ NCLAT: Cause List for 22.04.2026 - Court-IV
2026-05-12 16:07:17,166 [INFO]   ✓ NCLAT: Cause List for 22.04.2026 - Chennai Bench
2026-05-12 16:07:17,167 [INFO] NCLAT: 9 PDF(s) found
2026-05-12 16:07:17,168 [INFO] Scanning: Cause List for 22.04.2026 - Registrar Court
2026-05-12 16:07:17,384 [INFO]   Canonical table width: 4 cols, 5 raw rows
2026-05-12 16:07:17,385 [INFO]   4 logical rows after merge
2026-05-12 16:07:17,385 [INFO]   4 table rows
2026-05-12 16:07:17,389 [INFO] Scanning: Supplementary Cause List for 22.04.2026 - Court-IV
2026-05-12 16:07:18,100 [INFO]   Canonical table width: 6 cols, 47 raw rows
2026-05-12 16:07:18,101 [INFO]   12 logical rows after merge
2026-05-12 16:07:18,102 [INFO]   12 table rows
2026-05-12 16:07:18,109 [INFO] Scanning: Supplementary Cause List for 22.04.2026 - Court of Chairperson
2026-05-12 16:07:18,834 [INFO]   Canonical table width: 4 cols, 47 raw rows
2026-05-12 16:07:18,835 [INFO]   6 logical rows after merge
2026-05-12 16:07:18,836 [INFO]   6 table rows
2026-05-12 16:07:18,844 [INFO] Scanning: Supplementary Cause List for 22.04.2026 - Chennai Bench
2026-05-12 16:07:19,367 [INFO]   Canonical table width: 5 cols, 8 raw rows
2026-05-12 16:07:19,368 [INFO]   5 logical rows after merge
2026-05-12 16:07:19,369 [INFO]   5 table rows
2026-05-12 16:07:19,377 [INFO] Scanning: Cause List for 22.04.2026 - Court-II
2026-05-12 16:07:20,867 [INFO]   Canonical table width: 1 cols, 150 raw rows
2026-05-12 16:07:20,867 [WARNING]   Skipping table extraction — width=1 (not a structured table)
2026-05-12 16:07:20,869 [INFO]   0 table rows
2026-05-12 16:07:20,872 [WARNING]   NCLAT: no table rows — text fallback
2026-05-12 16:07:21,896 [INFO]   190 text lines
2026-05-12 16:07:21,896 [INFO]   NCLAT text: 0 item blocks from 190 lines
2026-05-12 16:07:21,898 [INFO]   NCLAT text: 0 item blocks from 190 lines
2026-05-12 16:07:21,902 [INFO]   NCLAT text: 0 item blocks from 190 lines
2026-05-12 16:07:21,902 [INFO]   NCLAT text: 0 item blocks from 190 lines
2026-05-12 16:07:21,903 [INFO]   NCLAT text: 0 item blocks from 190 lines
2026-05-12 16:07:21,904 [INFO]   NCLAT text: 0 item blocks from 190 lines
2026-05-12 16:07:21,905 [INFO]   NCLAT text: 0 item blocks from 190 lines
2026-05-12 16:07:21,906 [INFO]   NCLAT text: 0 item blocks from 190 lines
2026-05-12 16:07:21,907 [INFO]   NCLAT text: 0 item blocks from 190 lines
2026-05-12 16:07:21,907 [INFO]   NCLAT text: 0 item blocks from 190 lines
2026-05-12 16:07:21,910 [INFO]   NCLAT text: 0 item blocks from 190 lines
2026-05-12 16:07:21,911 [INFO]   NCLAT text: 0 item blocks from 190 lines
2026-05-12 16:07:21,913 [INFO]   NCLAT text: 0 item blocks from 190 lines
2026-05-12 16:07:21,914 [INFO]   NCLAT text: 0 item blocks from 190 lines
2026-05-12 16:07:21,916 [INFO]   NCLAT text: 0 item blocks from 190 lines
2026-05-12 16:07:21,917 [INFO]   NCLAT text: 0 item blocks from 190 lines
2026-05-12 16:07:21,918 [INFO]   NCLAT text: 0 item blocks from 190 lines
2026-05-12 16:07:21,918 [INFO]   NCLAT text: 0 item blocks from 190 lines
2026-05-12 16:07:21,919 [INFO]   NCLAT text: 0 item blocks from 190 lines
2026-05-12 16:07:21,920 [INFO]   NCLAT text: 0 item blocks from 190 lines
2026-05-12 16:07:21,920 [INFO]   NCLAT text: 0 item blocks from 190 lines
2026-05-12 16:07:21,922 [INFO]   NCLAT text: 0 item blocks from 190 lines
2026-05-12 16:07:21,922 [INFO]   NCLAT text: 0 item blocks from 190 lines
2026-05-12 16:07:21,923 [INFO]   NCLAT text: 0 item blocks from 190 lines
2026-05-12 16:07:21,924 [INFO] Scanning: Cause List for 22.04.2026 - Court of Chairperson
2026-05-12 16:07:25,310 [INFO]   Canonical table width: 9 cols, 395 raw rows
2026-05-12 16:07:25,315 [INFO]   99 logical rows after merge
2026-05-12 16:07:25,315 [INFO]   99 table rows
2026-05-12 16:07:25,368 [INFO]   MATCH [NCLAT] KAMLESH CORPORATION — 1 row(s)
2026-05-12 16:07:25,392 [INFO] Scanning: Cause List for 22.04.2026 - Court-III
2026-05-12 16:07:26,271 [INFO]   Canonical table width: 1 cols, 33 raw rows
2026-05-12 16:07:26,271 [WARNING]   Skipping table extraction — width=1 (not a structured table)
2026-05-12 16:07:26,272 [INFO]   0 table rows
2026-05-12 16:07:26,273 [WARNING]   NCLAT: no table rows — text fallback
2026-05-12 16:07:26,868 [INFO]   59 text lines
2026-05-12 16:07:26,868 [INFO]   NCLAT text: 0 item blocks from 59 lines
2026-05-12 16:07:26,870 [INFO]   NCLAT text: 0 item blocks from 59 lines
2026-05-12 16:07:26,873 [INFO]   NCLAT text: 0 item blocks from 59 lines
2026-05-12 16:07:26,873 [INFO]   NCLAT text: 0 item blocks from 59 lines
2026-05-12 16:07:26,874 [INFO]   NCLAT text: 0 item blocks from 59 lines
2026-05-12 16:07:26,875 [INFO]   NCLAT text: 0 item blocks from 59 lines
2026-05-12 16:07:26,876 [INFO]   NCLAT text: 0 item blocks from 59 lines
2026-05-12 16:07:26,877 [INFO]   NCLAT text: 0 item blocks from 59 lines
2026-05-12 16:07:26,878 [INFO]   NCLAT text: 0 item blocks from 59 lines
2026-05-12 16:07:26,878 [INFO]   NCLAT text: 0 item blocks from 59 lines
2026-05-12 16:07:26,879 [INFO]   NCLAT text: 0 item blocks from 59 lines
2026-05-12 16:07:26,880 [INFO]   NCLAT text: 0 item blocks from 59 lines
2026-05-12 16:07:26,880 [INFO]   NCLAT text: 0 item blocks from 59 lines
2026-05-12 16:07:26,881 [INFO]   NCLAT text: 0 item blocks from 59 lines
2026-05-12 16:07:26,884 [INFO]   NCLAT text: 0 item blocks from 59 lines
2026-05-12 16:07:26,885 [INFO]   NCLAT text: 0 item blocks from 59 lines
2026-05-12 16:07:26,888 [INFO]   NCLAT text: 0 item blocks from 59 lines
2026-05-12 16:07:26,889 [INFO]   NCLAT text: 0 item blocks from 59 lines
2026-05-12 16:07:26,890 [INFO]   NCLAT text: 0 item blocks from 59 lines
2026-05-12 16:07:26,891 [INFO]   NCLAT text: 0 item blocks from 59 lines
2026-05-12 16:07:26,892 [INFO]   NCLAT text: 0 item blocks from 59 lines
2026-05-12 16:07:26,892 [INFO]   NCLAT text: 0 item blocks from 59 lines
2026-05-12 16:07:26,893 [INFO]   NCLAT text: 0 item blocks from 59 lines
2026-05-12 16:07:26,894 [INFO]   NCLAT text: 0 item blocks from 59 lines
2026-05-12 16:07:26,895 [INFO] Scanning: Cause List for 22.04.2026 - Court-IV
2026-05-12 16:07:28,355 [INFO]   Canonical table width: 1 cols, 92 raw rows
2026-05-12 16:07:28,355 [WARNING]   Skipping table extraction — width=1 (not a structured table)
2026-05-12 16:07:28,357 [INFO]   0 table rows
2026-05-12 16:07:28,360 [WARNING]   NCLAT: no table rows — text fallback
2026-05-12 16:07:29,036 [INFO]   116 text lines
2026-05-12 16:07:29,036 [INFO]   NCLAT text: 0 item blocks from 116 lines
2026-05-12 16:07:29,038 [INFO]   NCLAT text: 0 item blocks from 116 lines
2026-05-12 16:07:29,042 [INFO]   NCLAT text: 0 item blocks from 116 lines
2026-05-12 16:07:29,043 [INFO]   NCLAT text: 0 item blocks from 116 lines
2026-05-12 16:07:29,043 [INFO]   NCLAT text: 0 item blocks from 116 lines
2026-05-12 16:07:29,044 [INFO]   NCLAT text: 0 item blocks from 116 lines
2026-05-12 16:07:29,045 [INFO]   NCLAT text: 0 item blocks from 116 lines
2026-05-12 16:07:29,046 [INFO]   NCLAT text: 0 item blocks from 116 lines
2026-05-12 16:07:29,047 [INFO]   NCLAT text: 0 item blocks from 116 lines
2026-05-12 16:07:29,048 [INFO]   NCLAT text: 0 item blocks from 116 lines
2026-05-12 16:07:29,049 [INFO]   NCLAT text: 0 item blocks from 116 lines
2026-05-12 16:07:29,050 [INFO]   NCLAT text: 0 item blocks from 116 lines
2026-05-12 16:07:29,051 [INFO]   NCLAT text: 0 item blocks from 116 lines
2026-05-12 16:07:29,052 [INFO]   NCLAT text: 0 item blocks from 116 lines
2026-05-12 16:07:29,053 [INFO]   NCLAT text: 0 item blocks from 116 lines
2026-05-12 16:07:29,054 [INFO]   NCLAT text: 0 item blocks from 116 lines
2026-05-12 16:07:29,055 [INFO]   NCLAT text: 0 item blocks from 116 lines
2026-05-12 16:07:29,056 [INFO]   NCLAT text: 0 item blocks from 116 lines
2026-05-12 16:07:29,056 [INFO]   NCLAT text: 0 item blocks from 116 lines
2026-05-12 16:07:29,057 [INFO]   NCLAT text: 0 item blocks from 116 lines
2026-05-12 16:07:29,058 [INFO]   NCLAT text: 0 item blocks from 116 lines
2026-05-12 16:07:29,059 [INFO]   NCLAT text: 0 item blocks from 116 lines
2026-05-12 16:07:29,060 [INFO]   NCLAT text: 0 item blocks from 116 lines
2026-05-12 16:07:29,063 [INFO]   NCLAT text: 0 item blocks from 116 lines
2026-05-12 16:07:29,064 [INFO] Scanning: Cause List for 22.04.2026 - Chennai Bench
2026-05-12 16:07:31,981 [INFO]   Canonical table width: 5 cols, 63 raw rows
2026-05-12 16:07:31,984 [INFO]   58 logical rows after merge
2026-05-12 16:07:31,984 [INFO]   58 table rows
2026-05-12 16:07:33,419 [INFO] ✓ Email sent to ['tejashree@apmh.in']
2026-05-12 16:23:37,742 [INFO] NCLAT: fetching for 22.04.2026
2026-05-12 16:23:39,296 [INFO]   ✓ NCLAT: Cause List for 22.04.2026 - Registrar Court
2026-05-12 16:23:39,297 [INFO]   ✓ NCLAT: Supplementary Cause List for 22.04.2026 - Court-IV
2026-05-12 16:23:39,450 [INFO]   ✓ NCLAT: Supplementary Cause List for 22.04.2026 - Court of Chairperson
2026-05-12 16:23:39,451 [INFO]   ✓ NCLAT: Supplementary Cause List for 22.04.2026 - Chennai Bench
2026-05-12 16:23:39,451 [INFO]   ✓ NCLAT: Cause List for 22.04.2026 - Court-II
2026-05-12 16:23:39,452 [INFO]   ✓ NCLAT: Cause List for 22.04.2026 - Court of Chairperson
2026-05-12 16:23:39,453 [INFO]   ✓ NCLAT: Cause List for 22.04.2026 - Court-III
2026-05-12 16:23:39,453 [INFO]   ✓ NCLAT: Cause List for 22.04.2026 - Court-IV
2026-05-12 16:23:39,454 [INFO]   ✓ NCLAT: Cause List for 22.04.2026 - Chennai Bench
2026-05-12 16:23:39,456 [INFO] NCLAT: 9 PDF(s) found
2026-05-12 16:23:39,457 [INFO] Scanning: Cause List for 22.04.2026 - Registrar Court
2026-05-12 16:23:39,762 [INFO]   Canonical table width: 4 cols, 5 raw rows
2026-05-12 16:23:39,763 [INFO]   4 logical rows after merge
2026-05-12 16:23:39,763 [INFO]   4 table rows
2026-05-12 16:23:39,769 [INFO] Scanning: Supplementary Cause List for 22.04.2026 - Court-IV
2026-05-12 16:23:40,535 [INFO]   Canonical table width: 6 cols, 47 raw rows
2026-05-12 16:23:40,536 [INFO]   12 logical rows after merge
2026-05-12 16:23:40,537 [INFO]   12 table rows
2026-05-12 16:23:40,548 [INFO] Scanning: Supplementary Cause List for 22.04.2026 - Court of Chairperson
2026-05-12 16:23:41,278 [INFO]   Canonical table width: 4 cols, 47 raw rows
2026-05-12 16:23:41,279 [INFO]   6 logical rows after merge
2026-05-12 16:23:41,280 [INFO]   6 table rows
2026-05-12 16:23:41,299 [INFO] Scanning: Supplementary Cause List for 22.04.2026 - Chennai Bench
2026-05-12 16:23:41,802 [INFO]   Canonical table width: 5 cols, 8 raw rows
2026-05-12 16:23:41,803 [INFO]   5 logical rows after merge
2026-05-12 16:23:41,805 [INFO]   5 table rows
2026-05-12 16:23:41,811 [INFO] Scanning: Cause List for 22.04.2026 - Court-II
2026-05-12 16:23:43,685 [INFO]   Canonical table width: 1 cols, 150 raw rows
2026-05-12 16:23:43,687 [INFO]   38 logical rows after merge
2026-05-12 16:23:43,688 [INFO]   38 table rows
2026-05-12 16:23:43,731 [INFO] Scanning: Cause List for 22.04.2026 - Court of Chairperson
2026-05-12 16:23:46,913 [INFO]   Canonical table width: 9 cols, 395 raw rows
2026-05-12 16:23:46,917 [INFO]   99 logical rows after merge
2026-05-12 16:23:46,918 [INFO]   99 table rows
2026-05-12 16:23:47,020 [INFO] Scanning: Cause List for 22.04.2026 - Court-III
2026-05-12 16:23:47,838 [INFO]   Canonical table width: 1 cols, 33 raw rows
2026-05-12 16:23:47,839 [INFO]   9 logical rows after merge
2026-05-12 16:23:47,840 [INFO]   9 table rows
2026-05-12 16:23:47,855 [INFO] Scanning: Cause List for 22.04.2026 - Court-IV
2026-05-12 16:23:49,207 [INFO]   Canonical table width: 1 cols, 92 raw rows
2026-05-12 16:23:49,208 [INFO]   29 logical rows after merge
2026-05-12 16:23:49,209 [INFO]   29 table rows
2026-05-12 16:23:49,244 [INFO] Scanning: Cause List for 22.04.2026 - Chennai Bench
2026-05-12 16:23:52,099 [INFO]   Canonical table width: 5 cols, 63 raw rows
2026-05-12 16:23:52,102 [INFO]   58 logical rows after merge
2026-05-12 16:23:52,103 [INFO]   58 table rows
2026-05-12 16:23:53,609 [INFO] ✓ Email sent to ['tejashree@apmh.in']
2026-05-12 16:25:09,278 [INFO] SCI: fetching for 28-04-2026
2026-05-12 16:25:12,359 [INFO]   ✓ SCI (direct): SCI Misc Supplementary
2026-05-12 16:25:12,500 [INFO]   ✓ SCI (direct): SCI Misc Main
2026-05-12 16:25:12,573 [INFO]   ✓ SCI (direct): SCI Registrar Main
2026-05-12 16:25:12,644 [INFO]   ✓ SCI (direct): SCI Misc Advance
2026-05-12 16:25:12,645 [INFO] SCI: 4 PDF(s) found
2026-05-12 16:25:12,648 [INFO] Scanning: SCI Misc Supplementary — 28-04-2026
2026-05-12 16:25:21,968 [INFO]   924 text lines
2026-05-12 16:25:22,016 [INFO]   MATCH [SCI] POOJA RAMESH SINGH — 1 block(s)
2026-05-12 16:25:22,020 [INFO]   MATCH [SCI] JAMMU AND KASHMIR BANK — 1 block(s)
2026-05-12 16:25:22,025 [INFO] Scanning: SCI Misc Main — 28-04-2026
2026-05-12 16:26:02,117 [INFO]   19619 text lines
2026-05-12 16:26:03,580 [INFO] Scanning: SCI Registrar Main — 28-04-2026
2026-05-12 16:26:13,972 [INFO]   670 text lines
2026-05-12 16:26:14,022 [INFO] Scanning: SCI Misc Advance — 28-04-2026
2026-05-12 16:26:38,438 [INFO]   10278 text lines
2026-05-12 16:26:39,131 [INFO]   MATCH [SCI] POOJA RAMESH SINGH — 1 block(s)
2026-05-12 16:26:39,167 [INFO]   MATCH [SCI] JAMMU AND KASHMIR BANK — 1 block(s)
2026-05-12 16:26:40,707 [INFO] ✓ Email sent to ['tejashree@apmh.in']
2026-05-12 16:47:40,184 [INFO] NCLAT: fetching for 15.04.2026
2026-05-12 16:47:41,912 [INFO]   ✓ NCLAT: Supplementary Cause List for 15.04.2026 - Court of Chairperson
2026-05-12 16:47:41,913 [INFO]   ✓ NCLAT: Cause List for 15.04.2026 - Chennai Bench
2026-05-12 16:47:41,913 [INFO]   ✓ NCLAT: Cause List for 15.04.2026 - Registrar Court
2026-05-12 16:47:41,914 [INFO]   ✓ NCLAT: Supplementary Cause List for 15.04.2026 - Court-IV
2026-05-12 16:47:41,915 [INFO]   ✓ NCLAT: Supplementary Cause List for 15.04.2026 - Court-II
2026-05-12 16:47:41,916 [INFO]   ✓ NCLAT: Cause List for 15.04.2026 - Court-IV
2026-05-12 16:47:41,917 [INFO]   ✓ NCLAT: Cause List for 15.04.2026 - Court-III
2026-05-12 16:47:41,917 [INFO]   ✓ NCLAT: Cause List for 15.04.2026 - Court-II
2026-05-12 16:47:41,918 [INFO]   ✓ NCLAT: Cause List for 15.04.2026 - Court of Chairperson
2026-05-12 16:47:41,919 [INFO] NCLAT: 9 PDF(s) found
2026-05-12 16:47:41,920 [INFO] Scanning: Supplementary Cause List for 15.04.2026 - Court of Chairperson
2026-05-12 16:47:42,565 [INFO]   Canonical table width: 4 cols, 20 raw rows
2026-05-12 16:47:42,566 [INFO]   2 logical rows after merge
2026-05-12 16:47:42,566 [INFO]   2 table rows
2026-05-12 16:47:42,570 [INFO] Scanning: Cause List for 15.04.2026 - Chennai Bench
2026-05-12 16:47:45,032 [INFO]   Canonical table width: 5 cols, 68 raw rows
2026-05-12 16:47:45,035 [INFO]   62 logical rows after merge
2026-05-12 16:47:45,036 [INFO]   62 table rows
2026-05-12 16:47:45,103 [INFO] Scanning: Cause List for 15.04.2026 - Registrar Court
2026-05-12 16:47:45,424 [INFO]   Canonical table width: 4 cols, 6 raw rows
2026-05-12 16:47:45,425 [INFO]   5 logical rows after merge
2026-05-12 16:47:45,426 [INFO]   5 table rows
2026-05-12 16:47:45,434 [INFO] Scanning: Supplementary Cause List for 15.04.2026 - Court-IV
2026-05-12 16:47:46,013 [INFO]   Canonical table width: 6 cols, 12 raw rows
2026-05-12 16:47:46,014 [INFO]   5 logical rows after merge
2026-05-12 16:47:46,015 [INFO]   5 table rows
2026-05-12 16:47:46,023 [INFO] Scanning: Supplementary Cause List for 15.04.2026 - Court-II
2026-05-12 16:47:46,527 [INFO]   Canonical table width: 6 cols, 12 raw rows
2026-05-12 16:47:46,528 [INFO]   4 logical rows after merge
2026-05-12 16:47:46,529 [INFO]   4 table rows
2026-05-12 16:47:46,536 [INFO] Scanning: Cause List for 15.04.2026 - Court-IV
2026-05-12 16:47:48,357 [INFO]   Canonical table width: 8 cols, 208 raw rows
2026-05-12 16:47:48,360 [INFO]   68 logical rows after merge
2026-05-12 16:47:48,361 [INFO]   68 table rows
2026-05-12 16:47:48,426 [INFO]   MATCH [NCLAT] JAMMU AND KASHMIR BANK — 1 row(s)
2026-05-12 16:47:48,435 [INFO] Scanning: Cause List for 15.04.2026 - Court-III
2026-05-12 16:47:50,526 [INFO]   Canonical table width: 1 cols, 217 raw rows
2026-05-12 16:47:50,528 [INFO]   60 logical rows after merge
2026-05-12 16:47:50,529 [INFO]   60 table rows
2026-05-12 16:47:50,585 [INFO] Scanning: Cause List for 15.04.2026 - Court-II
2026-05-12 16:47:53,238 [INFO]   Canonical table width: 8 cols, 272 raw rows
2026-05-12 16:47:53,242 [INFO]   75 logical rows after merge
2026-05-12 16:47:53,243 [INFO]   75 table rows
2026-05-12 16:47:53,338 [INFO] Scanning: Cause List for 15.04.2026 - Court of Chairperson
2026-05-12 16:47:58,601 [INFO]   Canonical table width: 7 cols, 662 raw rows
2026-05-12 16:47:58,609 [INFO]   197 logical rows after merge
2026-05-12 16:47:58,610 [INFO]   197 table rows
2026-05-12 16:48:00,341 [INFO] ✓ Email sent to ['tejashree@apmh.in']
2026-05-12 16:48:00,346 [INFO] [results] Saved 1 entr(ies) to last_results.json
